Region, Date, Frequency, Estimated Unemployment Rate (%), Estimated Employed, Estimated Labour Participation Rate (%)
Andhra Pradesh, 31-01-2016, M, 17.11, 15403662.00, 67.40
Andhra Pradesh, 29-02-2016, M, 10.08, 13879174.00, 55.92
Andhra Pradesh, 31-03-2016, M, 8.74, 14314579.00, 56.76
Andhra Pradesh, 30-04-2016, M, 3.97, 14045983.00, 52.87
Andhra Pradesh, 31-05-2016, M, 5.94, 15873974.00, 60.94
Andhra Pradesh, 30-06-2016, M, 3.54, 13006747.00, 48.64
Andhra Pradesh, 31-07-2016, M, 4.98, 14165099.00, 53.71
Andhra Pradesh, 31-08-2016, M, 3.01, 13558769.00, 50.31
Andhra Pradesh, 30-09-2016, M, 8.47, 14568750.00, 57.22
Andhra Pradesh, 31-10-2016, M, 11.11, 13709005.00, 55.38
Andhra Pradesh, 30-11-2016, M, 4.87, 13757647.00, 51.88
Andhra Pradesh, 31-12-2016, M, 4.07, 13162991.00, 49.17
Andhra Pradesh, 31-01-2017, M, 5.86, 14405379.00, 54.77
Andhra Pradesh, 28-02-2017, M, 4.83, 12994162.00, 48.82
Andhra Pradesh, 31-03-2017, M, 2.78, 13379892.00, 49.15
Andhra Pradesh, 30-04-2017, M, 2.75, 13143105.00, 48.22
Andhra Pradesh, 31-05-2017, M, 1.70, 13107658.00, 47.52
Andhra Pradesh, 30-06-2017, M, 3.76, 12607286.00, 46.64
Andhra Pradesh, 31-07-2017, M, 2.51, 12972951.00, 47.32
Andhra Pradesh, 31-08-2017, M, 2.49, 12749708.00, 46.45
Andhra Pradesh, 30-09-2017, M, 5.91, 13683892.00, 51.61
Andhra Pradesh, 31-10-2017, M, 2.96, 12131064.00, 44.31
Andhra Pradesh, 30-11-2017, M, 3.19, 13011182.00, 47.59
Andhra Pradesh, 31-12-2017, M, 3.45, 13545548.00, 49.62
Andhra Pradesh, 31-01-2018, M, 4.79, 13061886.00, 48.46
Andhra Pradesh, 28-02-2018, M, 4.38, 12414387.00, 45.82
Andhra Pradesh, 31-03-2018, M, 4.17, 12583382.00, 46.29
Andhra Pradesh, 30-04-2018, M, 2.80, 12141674.00, 43.99
Andhra Pradesh, 31-05-2018, M, 3.64, 12309016.00, 44.93
Andhra Pradesh, 30-06-2018, M, 4.78, 11577611.00, 42.72
Andhra Pradesh, 31-07-2018, M, 5.26, 12636224.00, 46.82
Andhra Pradesh, 31-08-2018, M, 4.03, 12338427.00, 45.07
Andhra Pradesh, 30-09-2018, M, 4.06, 12442778.00, 45.42
Andhra Pradesh, 31-10-2018, M, 5.74, 10894155.00, 40.43
Andhra Pradesh, 30-11-2018, M, 4.67, 12084598.00, 44.30
Andhra Pradesh, 31-12-2018, M, 3.90, 12222642.00, 44.39
Andhra Pradesh, 31-01-2019, M, 4.67, 12748903.00, 46.63
Andhra Pradesh, 28-02-2019, M, 5.75, 10842104.00, 40.07
Andhra Pradesh, 31-03-2019, M, 4.96, 11581513.00, 42.40
Andhra Pradesh, 30-04-2019, M, 3.56, 12784615.00, 46.07
Andhra Pradesh, 31-05-2019, M, 3.65, 11999141.00, 43.24
Andhra Pradesh, 30-06-2019, M, 3.05, 11755881.00, 42.05
Andhra Pradesh, 31-07-2019, M, 3.75, 12086709.00, 43.50
Andhra Pradesh, 31-08-2019, M, 3.32, 12285689.00, 43.97
Andhra Pradesh, 30-09-2019, M, 5.17, 12256763.00, 44.68
Andhra Pradesh, 31-10-2019, M, 3.52, 12017405.00, 43.01
Andhra Pradesh, 30-11-2019, M, 4.12, 11397681.00, 41.00
Andhra Pradesh, 31-12-2019, M, 4.38, 12528397.00, 45.14
Andhra Pradesh, 31-01-2020, M, 4.84, 12016676.00, 43.46
Andhra Pradesh, 29-02-2020, M, 5.91, 11723617.00, 42.83
Andhra Pradesh, 31-03-2020, M, 4.06, 11359660.00, 40.66
Andhra Pradesh, 30-04-2020, M, 16.29, 8792827.00, 36.03
Andhra Pradesh, 31-05-2020, M, 14.46, 9526902.00, 38.16
Andhra Pradesh, 30-06-2020, M, 2.44, 14855579.00, 52.12
Andhra Pradesh, 31-07-2020, M, 7.79, 11272862.00, 41.80
Andhra Pradesh, 31-08-2020, M, 5.84, 10762372.00, 39.04
Andhra Pradesh, 30-09-2020, M, 5.43, 10817388.00, 39.02
Andhra Pradesh, 31-10-2020, M, 6.55, 10490186.00, 38.25
Andhra Pradesh, 30-11-2020, M, 4.74, 11133820.00, 39.79
Andhra Pradesh, 31-12-2020, M, 6.51, 11238274.00, 40.87
Andhra Pradesh, 31-01-2021, M, 2.95, 11776946.00, 41.22
Andhra Pradesh, 28-02-2021, M, 3.14, 11736108.00, 41.11
Andhra Pradesh, 31-03-2021, M, 5.39, 11130399.00, 39.87
Andhra Pradesh, 30-04-2021, M, 3.56, 11244637.00, 39.47
Andhra Pradesh, 31-05-2021, M, 14.29, 10675523.00, 42.12
Andhra Pradesh, 30-06-2021, M, 7.55, 10788999.00, 39.43
Andhra Pradesh, 31-07-2021, M, 8.93, 10873035.00, 40.29
Assam, 31-01-2016, M, 5.83, 9830026.00, 52.82
Assam, 29-02-2016, M, 13.24, 9574798.00, 55.74
Assam, 31-03-2016, M, 4.15, 8635998.00, 45.42
Assam, 30-04-2016, M, 0.00, 8571034.00, 43.12
Assam, 31-05-2016, M, 3.61, 9210479.00, 47.98
Assam, 30-06-2016, M, 10.96, 8590588.00, 48.34
Assam, 31-07-2016, M, 13.99, 7982526.00, 46.41
Assam, 31-08-2016, M, 7.55, 8925705.00, 48.18
Assam, 30-09-2016, M, 8.05, 8776602.00, 47.54
Assam, 31-10-2016, M, 7.02, 8138953.00, 43.51
Assam, 30-11-2016, M, 11.71, 7942971.00, 44.63
Assam, 31-12-2016, M, 3.57, 9483848.00, 48.70
Assam, 31-01-2017, M, 8.33, 9275697.00, 50.00
Assam, 28-02-2017, M, 6.12, 8109924.00, 42.61
Assam, 31-03-2017, M, 7.49, 8307468.00, 44.20
Assam, 30-04-2017, M, 2.04, 8882399.00, 44.55
Assam, 31-05-2017, M, 13.59, 9504191.00, 53.93
Assam, 30-06-2017, M, 11.11, 8530022.00, 46.96
Assam, 31-07-2017, M, 8.06, 8601718.00, 45.69
Assam, 31-08-2017, M, 4.08, 9013099.00, 45.79
Assam, 30-09-2017, M, 9.00, 9951581.00, 53.19
Assam, 31-10-2017, M, 8.40, 8797514.00, 46.62
Assam, 30-11-2017, M, 9.34, 8777803.00, 46.91
Assam, 31-01-2018, M, 7.96, 9412069.00, 49.34
Assam, 28-02-2018, M, 8.46, 8375373.00, 44.07
Assam, 31-03-2018, M, 5.45, 8896631.00, 45.23
Assam, 30-04-2018, M, 1.67, 9424228.00, 45.98
Assam, 31-05-2018, M, 6.58, 10370592.00, 53.15
Assam, 30-06-2018, M, 7.09, 8574707.00, 44.10
Assam, 31-07-2018, M, 7.31, 8959786.00, 46.09
Assam, 31-08-2018, M, 1.75, 9489645.00, 45.97
Assam, 30-09-2018, M, 11.84, 9830039.00, 52.96
Assam, 31-10-2018, M, 4.63, 8488020.00, 42.19
Assam, 30-11-2018, M, 8.43, 9358053.00, 48.35
Assam, 31-12-2018, M, 5.22, 9539947.00, 47.52
Assam, 31-01-2019, M, 4.81, 10830421.00, 53.61
Assam, 28-02-2019, M, 4.35, 8694500.00, 42.75
Assam, 31-03-2019, M, 7.14, 9356919.00, 47.30
Assam, 30-04-2019, M, 3.77, 9720353.00, 47.32
Assam, 31-05-2019, M, 4.29, 11749334.00, 57.39
Assam, 30-06-2019, M, 5.08, 8923222.00, 43.87
Assam, 31-07-2019, M, 4.26, 9911534.00, 48.21
Assam, 31-08-2019, M, 5.79, 9292039.00, 45.83
Assam, 30-09-2019, M, 4.46, 11468350.00, 55.67
Assam, 31-10-2019, M, 4.65, 8395908.00, 40.76
Assam, 30-11-2019, M, 4.66, 9625364.00, 46.64
Assam, 31-01-2020, M, 4.29, 11420996.00, 54.90
Assam, 29-02-2020, M, 3.26, 8462814.00, 40.17
Assam, 31-03-2020, M, 3.77, 9878742.00, 47.05
Assam, 31-05-2020, M, 9.38, 9926176.00, 50.00
Assam, 30-06-2020, M, 0.00, 7544937.00, 34.38
Assam, 31-07-2020, M, 3.37, 8676252.00, 40.83
Assam, 31-08-2020, M, 5.00, 8210150.00, 39.22
Assam, 30-09-2020, M, 0.90, 12520100.00, 57.22
Assam, 31-10-2020, M, 2.94, 10283710.00, 47.89
Assam, 30-11-2020, M, 4.22, 9166357.00, 43.17
Assam, 31-01-2021, M, 1.61, 11555536.00, 52.77
Assam, 28-02-2021, M, 1.52, 9599029.00, 43.71
Assam, 31-03-2021, M, 1.13, 9490941.00, 42.96
Assam, 31-07-2021, M, 1.18, 9555120.00, 42.93
Bihar, 31-01-2016, M, 3.70, 24739780.00, 41.51
Bihar, 29-02-2016, M, 4.52, 26925344.00, 45.47
Bihar, 31-03-2016, M, 2.29, 23838393.00, 39.25
Bihar, 30-04-2016, M, 5.50, 26452688.00, 44.94
Bihar, 31-05-2016, M, 12.92, 25169982.00, 46.30
Bihar, 30-06-2016, M, 7.67, 26974137.00, 46.70
Bihar, 31-07-2016, M, 3.90, 24305446.00, 40.35
Bihar, 31-08-2016, M, 12.43, 26192565.00, 47.61
Bihar, 30-09-2016, M, 14.39, 24663044.00, 45.76
Bihar, 31-10-2016, M, 6.47, 25686600.00, 43.53
Bihar, 30-11-2016, M, 6.28, 24857505.00, 41.95
Bihar, 31-12-2016, M, 4.43, 25924646.00, 42.81
Bihar, 31-01-2017, M, 4.72, 24479462.00, 40.45
Bihar, 28-02-2017, M, 3.41, 25761779.00, 41.91
Bihar, 31-03-2017, M, 2.48, 24398730.00, 39.23
Bihar, 30-04-2017, M, 1.34, 25060822.00, 39.75
Bihar, 31-05-2017, M, 2.12, 26086226.00, 41.61
Bihar, 30-06-2017, M, 1.69, 26162150.00, 41.46
Bihar, 31-07-2017, M, 1.75, 24448773.00, 38.68
Bihar, 31-08-2017, M, 3.33, 24500483.00, 39.31
Bihar, 30-09-2017, M, 4.81, 24901807.00, 40.49
Bihar, 31-10-2017, M, 4.86, 25209722.00, 40.93
Bihar, 30-11-2017, M, 5.00, 24835579.00, 40.29
Bihar, 31-12-2017, M, 5.05, 24834397.00, 40.23
Bihar, 31-01-2018, M, 3.19, 26320624.00, 41.72
Bihar, 28-02-2018, M, 6.64, 25273112.00, 41.46
Bihar, 31-03-2018, M, 9.89, 24460810.00, 41.48
Bihar, 30-04-2018, M, 7.49, 24340228.00, 40.12
Bihar, 31-05-2018, M, 4.00, 25857744.00, 40.98
Bihar, 30-06-2018, M, 7.03, 24668734.00, 40.29
Bihar, 31-07-2018, M, 8.92, 23483603.00, 39.06
Bihar, 31-08-2018, M, 8.73, 23303745.00, 38.60
Bihar, 30-09-2018, M, 4.59, 25022998.00, 39.56
Bihar, 31-10-2018, M, 9.25, 23429236.00, 38.86
Bihar, 30-11-2018, M, 10.75, 22893899.00, 38.53
Bihar, 31-12-2018, M, 7.51, 22682550.00, 36.75
Bihar, 31-01-2019, M, 7.52, 24277845.00, 39.26
Bihar, 28-02-2019, M, 10.89, 23577976.00, 39.49
Bihar, 31-03-2019, M, 10.99, 23263629.00, 38.93
Bihar, 30-04-2019, M, 11.22, 22098643.00, 36.99
Bihar, 31-05-2019, M, 9.27, 24322323.00, 39.75
Bihar, 30-06-2019, M, 10.20, 24097708.00, 39.71
Bihar, 31-07-2019, M, 13.44, 23248876.00, 39.66
Bihar, 31-08-2019, M, 11.00, 22260212.00, 36.85
Bihar, 30-09-2019, M, 8.62, 23991088.00, 38.60
Bihar, 31-10-2019, M, 12.47, 24053140.00, 40.31
Bihar, 30-11-2019, M, 12.40, 22445999.00, 37.51
Bihar, 31-12-2019, M, 10.16, 22914536.00, 37.25
Bihar, 31-01-2020, M, 9.13, 23409006.00, 37.54
Bihar, 29-02-2020, M, 9.61, 23168192.00, 37.28
Bihar, 31-03-2020, M, 15.39, 22667882.00, 38.88
Bihar, 30-04-2020, M, 45.09, 14645275.00, 38.63
Bihar, 31-05-2020, M, 47.26, 14050319.00, 38.50
Bihar, 30-06-2020, M, 18.54, 20855544.00, 36.92
Bihar, 31-07-2020, M, 12.03, 21962598.00, 35.92
Bihar, 31-08-2020, M, 12.25, 21029375.00, 34.41
Bihar, 30-09-2020, M, 11.10, 23885640.00, 38.49
Bihar, 31-10-2020, M, 9.66, 22619048.00, 35.79
Bihar, 30-11-2020, M, 9.23, 22910615.00, 36.00
Bihar, 31-12-2020, M, 11.85, 21443715.00, 34.63
Bihar, 31-01-2021, M, 9.67, 25019470.00, 39.34
Bihar, 28-02-2021, M, 11.20, 22609883.00, 36.09
Bihar, 31-03-2021, M, 14.10, 22706548.00, 37.39
Bihar, 30-04-2021, M, 10.02, 21795163.00, 34.19
Bihar, 31-05-2021, M, 13.41, 24240457.00, 39.42
Bihar, 30-06-2021, M, 10.14, 22381007.00, 35.00
Bihar, 31-07-2021, M, 12.38, 22386909.00, 35.83
Chhattisgarh, 31-01-2016, M, 0.91, 6042681.00, 41.10
Chhattisgarh, 29-02-2016, M, 5.26, 6233184.00, 44.26
Chhattisgarh, 31-03-2016, M, 0.97, 6664130.00, 45.17
Chhattisgarh, 30-04-2016, M, 2.89, 6196137.00, 42.73
Chhattisgarh, 31-05-2016, M, 4.29, 6338136.00, 44.25
Chhattisgarh, 30-06-2016, M, 1.18, 6458159.00, 43.58
Chhattisgarh, 31-07-2016, M, 3.59, 6917881.00, 47.74
Chhattisgarh, 31-08-2016, M, 1.71, 6264762.00, 42.31
Chhattisgarh, 30-09-2016, M, 8.51, 7113859.00, 51.51
Chhattisgarh, 31-10-2016, M, 3.33, 8298791.00, 56.74
Chhattisgarh, 30-11-2016, M, 3.09, 7587438.00, 51.64
Chhattisgarh, 31-12-2016, M, 3.71, 6240718.00, 42.66
Chhattisgarh, 31-01-2017, M, 3.29, 6380086.00, 43.32
Chhattisgarh, 28-02-2017, M, 1.75, 7539539.00, 50.29
Chhattisgarh, 31-03-2017, M, 2.83, 7370766.00, 49.60
Chhattisgarh, 30-04-2017, M, 4.17, 6514503.00, 44.36
Chhattisgarh, 31-05-2017, M, 3.86, 6527077.00, 44.20
Chhattisgarh, 30-06-2017, M, 1.03, 6696222.00, 43.96
Chhattisgarh, 31-07-2017, M, 0.64, 7365798.00, 48.06
Chhattisgarh, 31-08-2017, M, 3.25, 6529389.00, 43.66
Chhattisgarh, 30-09-2017, M, 4.45, 6508360.00, 43.97
Chhattisgarh, 31-10-2017, M, 2.21, 6942533.00, 45.72
Chhattisgarh, 30-11-2017, M, 3.01, 7151861.00, 47.39
Chhattisgarh, 31-12-2017, M, 1.50, 6638490.00, 43.22
Chhattisgarh, 31-01-2018, M, 5.64, 6398523.00, 43.39
Chhattisgarh, 28-02-2018, M, 1.63, 6220704.00, 40.38
Chhattisgarh, 31-03-2018, M, 2.86, 6718999.00, 44.07
Chhattisgarh, 30-04-2018, M, 2.09, 6162574.00, 40.02
Chhattisgarh, 31-05-2018, M, 4.45, 5869882.00, 38.97
Chhattisgarh, 30-06-2018, M, 1.69, 6067913.00, 39.07
Chhattisgarh, 31-07-2018, M, 3.05, 6423394.00, 41.85
Chhattisgarh, 31-08-2018, M, 2.78, 6112994.00, 39.63
Chhattisgarh, 30-09-2018, M, 23.18, 6098401.00, 49.92
Chhattisgarh, 31-10-2018, M, 12.52, 6392014.00, 45.85
Chhattisgarh, 30-11-2018, M, 5.38, 6369071.00, 42.15
Chhattisgarh, 31-12-2018, M, 4.90, 5983109.00, 39.30
Chhattisgarh, 31-01-2019, M, 6.81, 6141864.00, 41.08
Chhattisgarh, 28-02-2019, M, 6.94, 6548608.00, 43.78
Chhattisgarh, 31-03-2019, M, 3.17, 6808582.00, 43.65
Chhattisgarh, 30-04-2019, M, 2.99, 6249706.00, 39.90
Chhattisgarh, 31-05-2019, M, 9.82, 6259019.00, 42.89
Chhattisgarh, 30-06-2019, M, 6.76, 6608625.00, 43.71
Chhattisgarh, 31-07-2019, M, 4.54, 6753624.00, 43.53
Chhattisgarh, 31-08-2019, M, 4.64, 6607694.00, 42.55
Chhattisgarh, 30-09-2019, M, 8.33, 6490778.00, 43.38
Chhattisgarh, 31-10-2019, M, 6.96, 7043839.00, 46.28
Chhattisgarh, 30-11-2019, M, 2.77, 6942930.00, 43.56
Chhattisgarh, 31-12-2019, M, 6.11, 6569389.00, 42.59
Chhattisgarh, 31-01-2020, M, 9.89, 6236201.00, 42.03
Chhattisgarh, 29-02-2020, M, 7.89, 6847173.00, 45.05
Chhattisgarh, 31-03-2020, M, 7.31, 6894808.00, 44.98
Chhattisgarh, 30-04-2020, M, 0.00, 6534321.00, 39.43
Chhattisgarh, 31-05-2020, M, 7.64, 5454091.00, 35.56
Chhattisgarh, 30-06-2020, M, 10.27, 5707746.00, 38.22
Chhattisgarh, 31-07-2020, M, 12.37, 6444882.00, 44.09
Chhattisgarh, 31-08-2020, M, 6.07, 6893482.00, 43.90
Chhattisgarh, 30-09-2020, M, 0.86, 6881003.00, 41.43
Chhattisgarh, 31-10-2020, M, 6.11, 6334070.00, 40.18
Chhattisgarh, 30-11-2020, M, 3.09, 6536087.00, 40.08
Chhattisgarh, 31-12-2020, M, 7.84, 6292258.00, 40.48
Chhattisgarh, 31-01-2021, M, 6.76, 6525591.00, 41.41
Chhattisgarh, 28-02-2021, M, 5.82, 6586047.00, 41.29
Chhattisgarh, 31-03-2021, M, 2.46, 6321761.00, 38.18
Chhattisgarh, 30-04-2021, M, 3.42, 7057826.00, 42.96
Chhattisgarh, 31-05-2021, M, 9.60, 6929304.00, 44.96
Chhattisgarh, 30-06-2021, M, 2.32, 7098251.00, 42.54
Chhattisgarh, 31-07-2021, M, 3.75, 6498464.00, 39.43
Delhi, 31-01-2016, M, 11.18, 144325.00, 42.71
Delhi, 29-02-2016, M, 11.11, 139645.00, 41.12
Delhi, 31-03-2016, M, 27.27, 144183.00, 51.64
Delhi, 30-04-2016, M, 23.76, 152488.00, 51.86
Delhi, 31-05-2016, M, 11.72, 142106.00, 41.55
Delhi, 30-06-2016, M, 7.23, 143400.00, 39.71
Delhi, 31-07-2016, M, 19.41, 147909.00, 46.93
Delhi, 31-08-2016, M, 21.11, 136416.00, 44.01
Delhi, 30-09-2016, M, 14.17, 131146.00, 38.71
Delhi, 31-10-2016, M, 10.20, 143028.00, 40.16
Delhi, 30-11-2016, M, 17.99, 152807.00, 46.77
Delhi, 31-12-2016, M, 17.53, 138138.00, 41.85
Delhi, 31-01-2017, M, 6.15, 141804.00, 37.57
Delhi, 28-02-2017, M, 10.67, 125279.00, 34.72
Delhi, 31-03-2017, M, 2.54, 148688.00, 37.60
Delhi, 30-04-2017, M, 13.13, 128418.00, 36.26
Delhi, 31-05-2017, M, 4.51, 143693.00, 36.74
Delhi, 30-06-2017, M, 5.30, 133938.00, 34.37
Delhi, 31-07-2017, M, 4.12, 146744.00, 37.02
Delhi, 31-08-2017, M, 15.94, 138058.00, 39.54
Delhi, 30-09-2017, M, 3.23, 152660.00, 37.80
Delhi, 31-10-2017, M, 4.40, 136457.00, 34.05
Delhi, 30-11-2017, M, 3.49, 161595.00, 39.76
Delhi, 31-12-2017, M, 3.82, 142949.00, 35.12
Delhi, 31-01-2018, M, 3.87, 153021.00, 37.44
Delhi, 28-02-2018, M, 4.44, 144573.00, 35.43
Delhi, 31-03-2018, M, 4.89, 157209.00, 38.53
Delhi, 30-04-2018, M, 8.23, 136151.00, 34.42
Delhi, 31-05-2018, M, 4.22, 155775.00, 37.56
Delhi, 30-06-2018, M, 6.38, 149248.00, 36.65
Delhi, 31-07-2018, M, 14.58, 152907.00, 40.96
Delhi, 31-08-2018, M, 6.94, 138141.00, 33.80
Delhi, 30-09-2018, M, 5.52, 163295.00, 39.18
Delhi, 31-10-2018, M, 12.57, 141566.00, 36.53
Delhi, 30-11-2018, M, 11.44, 157215.00, 39.86
Delhi, 31-12-2018, M, 9.15, 137901.00, 33.92
Delhi, 31-01-2019, M, 9.44, 163568.00, 40.18
Delhi, 28-02-2019, M, 8.33, 153787.00, 37.16
Delhi, 31-03-2019, M, 10.13, 164083.00, 40.25
Delhi, 30-04-2019, M, 9.74, 141714.00, 34.45
Delhi, 31-05-2019, M, 12.56, 169487.00, 42.33
Delhi, 30-06-2019, M, 9.33, 149076.00, 35.74
Delhi, 31-07-2019, M, 11.07, 166605.00, 40.53
Delhi, 31-08-2019, M, 17.18, 135407.00, 35.21
Delhi, 30-09-2019, M, 12.50, 166056.00, 40.68
Delhi, 31-10-2019, M, 15.84, 149511.00, 37.90
Delhi, 30-11-2019, M, 11.11, 178768.00, 42.71
Delhi, 31-12-2019, M, 16.97, 145671.00, 37.08
Delhi, 31-01-2020, M, 13.48, 157791.00, 38.36
Delhi, 29-02-2020, M, 13.81, 147500.00, 35.84
Delhi, 31-03-2020, M, 15.18, 152413.00, 37.45
Delhi, 30-04-2020, M, 20.69, 115487.00, 30.21
Delhi, 31-05-2020, M, 22.76, 129610.00, 34.65
Delhi, 30-06-2020, M, 21.14, 112108.00, 29.22
Delhi, 31-07-2020, M, 16.20, 142944.00, 34.89
Delhi, 31-08-2020, M, 20.00, 121757.00, 30.98
Delhi, 30-09-2020, M, 8.70, 144510.00, 32.07
Delhi, 31-10-2020, M, 9.14, 132505.00, 29.41
Delhi, 30-11-2020, M, 7.07, 154829.00, 33.45
Delhi, 31-12-2020, M, 9.93, 138922.00, 30.82
Delhi, 31-01-2021, M, 10.32, 143249.00, 31.76
Delhi, 28-02-2021, M, 7.18, 140722.00, 30.02
Delhi, 31-03-2021, M, 10.95, 153814.00, 34.04
Delhi, 30-04-2021, M, 14.18, 132057.00, 30.18
Delhi, 31-05-2021, M, 22.22, 118925.00, 29.85
Delhi, 30-06-2021, M, 21.31, 113061.00, 27.92
Delhi, 31-07-2021, M, 9.91, 162721.00, 34.93
Goa, 31-01-2016, M, 12.29, 196982.00, 49.31
Goa, 29-02-2016, M, 5.40, 211252.00, 48.99
Goa, 31-03-2016, M, 7.26, 230237.00, 54.42
Goa, 31-05-2016, M, 14.58, 200947.00, 51.47
Goa, 30-06-2016, M, 7.80, 213994.00, 50.74
Goa, 31-07-2016, M, 4.27, 221852.00, 50.62
Goa, 31-08-2016, M, 12.50, 227317.00, 56.69
Goa, 30-09-2016, M, 11.36, 228587.00, 56.23
Goa, 31-10-2016, M, 8.78, 213007.00, 50.87
Goa, 30-11-2016, M, 18.18, 213420.00, 56.77
Goa, 31-12-2016, M, 7.81, 233892.00, 55.17
Goa, 31-01-2017, M, 8.02, 225591.00, 53.29
Goa, 28-02-2017, M, 8.79, 213591.00, 50.84
Goa, 31-03-2017, M, 16.11, 207306.00, 53.60
Goa, 30-04-2017, M, 5.76, 232012.00, 53.35
Goa, 31-05-2017, M, 8.40, 232870.00, 55.04
Goa, 30-06-2017, M, 7.49, 214974.00, 50.27
Goa, 31-07-2017, M, 4.42, 212631.00, 48.09
Goa, 31-08-2017, M, 9.16, 230573.00, 54.81
Goa, 30-09-2017, M, 2.44, 218109.00, 48.24
Goa, 31-10-2017, M, 8.77, 202711.00, 47.90
Goa, 30-11-2017, M, 2.63, 215636.00, 47.70
Goa, 31-12-2017, M, 5.71, 227529.00, 51.93
Goa, 31-01-2018, M, 10.00, 195755.00, 46.76
Goa, 28-02-2018, M, 5.75, 199849.00, 45.55
Goa, 31-03-2018, M, 4.00, 209009.00, 46.73
Goa, 30-04-2018, M, 6.88, 221279.00, 50.96
Goa, 31-05-2018, M, 5.47, 200979.00, 45.55
Goa, 30-06-2018, M, 7.58, 202815.00, 46.98
Goa, 31-07-2018, M, 5.17, 204092.00, 46.03
Goa, 31-08-2018, M, 6.25, 210397.00, 47.96
Goa, 30-09-2018, M, 5.79, 203023.00, 46.01
Goa, 31-10-2018, M, 1.05, 198499.00, 42.79
Goa, 30-11-2018, M, 1.77, 205855.00, 44.66
Goa, 31-12-2018, M, 7.22, 212538.00, 48.78
Goa, 31-01-2019, M, 4.46, 181567.00, 40.43
Goa, 28-02-2019, M, 6.25, 193322.00, 43.84
Goa, 31-03-2019, M, 8.74, 179185.00, 41.70
Goa, 30-04-2019, M, 7.25, 201737.00, 46.15
Goa, 31-05-2019, M, 2.91, 179340.00, 39.16
Goa, 30-06-2019, M, 5.45, 170471.00, 38.19
Goa, 31-07-2019, M, 10.98, 167437.00, 39.81
Goa, 31-08-2019, M, 1.98, 183603.00, 39.61
Goa, 30-09-2019, M, 3.41, 162885.00, 35.63
Goa, 31-10-2019, M, 7.21, 177440.00, 40.36
Goa, 30-11-2019, M, 23.71, 159489.00, 44.09
Goa, 31-12-2019, M, 3.54, 177155.00, 38.70
Goa, 31-01-2020, M, 5.38, 158936.00, 35.36
Goa, 29-02-2020, M, 0.00, 171672.00, 36.11
Goa, 30-04-2020, M, 15.91, 181657.00, 45.36
Goa, 31-05-2020, M, 20.00, 128538.00, 33.71
Goa, 31-07-2020, M, 16.36, 177137.00, 44.35
Goa, 30-09-2020, M, 1.52, 156241.00, 33.17
Goa, 31-10-2020, M, 18.00, 145403.00, 37.04
Goa, 30-11-2020, M, 14.29, 153337.00, 37.33
Goa, 31-12-2020, M, 17.92, 150093.00, 38.13
Goa, 31-01-2021, M, 8.70, 162592.00, 37.10
Goa, 28-02-2021, M, 21.67, 151542.00, 40.27
Goa, 31-03-2021, M, 31.82, 140054.00, 42.72
Goa, 30-04-2021, M, 15.00, 138670.00, 33.90
Goa, 31-05-2021, M, 16.36, 160565.00, 39.86
Goa, 30-06-2021, M, 21.05, 130300.00, 34.23
Goa, 31-07-2021, M, 24.62, 139086.00, 38.24
Gujarat, 31-01-2016, M, 2.31, 12454838.00, 48.97
Gujarat, 29-02-2016, M, 4.90, 11231726.00, 45.30
Gujarat, 31-03-2016, M, 2.47, 12152621.00, 47.72
Gujarat, 30-04-2016, M, 2.02, 12897823.00, 50.35
Gujarat, 31-05-2016, M, 1.48, 13873626.00, 53.78
Gujarat, 30-06-2016, M, 2.93, 11496245.00, 45.16
Gujarat, 31-07-2016, M, 1.65, 12637358.00, 48.92
Gujarat, 31-08-2016, M, 0.80, 12307651.00, 47.17
Gujarat, 30-09-2016, M, 1.01, 13150390.00, 50.43
Gujarat, 31-10-2016, M, 1.47, 12618305.00, 48.54
Gujarat, 30-11-2016, M, 1.72, 13034827.00, 50.20
Gujarat, 31-12-2016, M, 6.25, 11854052.00, 47.79
Gujarat, 31-01-2017, M, 1.23, 13221793.00, 50.52
Gujarat, 28-02-2017, M, 0.91, 11953144.00, 45.46
Gujarat, 31-03-2017, M, 5.32, 11977927.00, 47.60
Gujarat, 30-04-2017, M, 5.14, 11854565.00, 46.96
Gujarat, 31-05-2017, M, 2.70, 11716313.00, 45.18
Gujarat, 30-06-2017, M, 3.59, 11730423.00, 45.58
Gujarat, 31-07-2017, M, 2.92, 12120704.00, 46.70
Gujarat, 31-08-2017, M, 2.24, 12277389.00, 46.91
Gujarat, 30-09-2017, M, 3.36, 11044703.00, 42.63
Gujarat, 31-10-2017, M, 4.86, 11348119.00, 44.42
Gujarat, 30-11-2017, M, 3.23, 12887989.00, 49.53
Gujarat, 31-12-2017, M, 1.47, 12655392.00, 47.69
Gujarat, 31-01-2018, M, 3.00, 11544838.00, 44.13
Gujarat, 28-02-2018, M, 11.12, 11495243.00, 47.89
Gujarat, 31-03-2018, M, 5.46, 12701625.00, 49.67
Gujarat, 30-04-2018, M, 4.63, 13121908.00, 50.79
Gujarat, 31-05-2018, M, 5.71, 11179972.00, 43.70
Gujarat, 30-06-2018, M, 6.09, 11556778.00, 45.30
Gujarat, 31-07-2018, M, 5.22, 12867557.00, 49.89
Gujarat, 31-08-2018, M, 2.51, 13373766.00, 50.34
Gujarat, 30-09-2018, M, 4.51, 12607752.00, 48.38
Gujarat, 31-10-2018, M, 7.94, 12253250.00, 48.70
Gujarat, 30-11-2018, M, 5.31, 13840682.00, 53.40
Gujarat, 31-12-2018, M, 3.67, 13487829.00, 51.08
Gujarat, 31-01-2019, M, 5.91, 13698898.00, 53.03
Gujarat, 28-02-2019, M, 5.42, 13307765.00, 51.18
Gujarat, 31-03-2019, M, 4.05, 14489544.00, 54.84
Gujarat, 30-04-2019, M, 2.73, 14011137.00, 52.24
Gujarat, 31-05-2019, M, 2.88, 13954726.00, 52.03
Gujarat, 30-06-2019, M, 4.77, 13199275.00, 50.12
Gujarat, 31-07-2019, M, 4.58, 14327088.00, 54.21
Gujarat, 31-08-2019, M, 3.70, 13507339.00, 50.57
Gujarat, 30-09-2019, M, 6.29, 13280777.00, 51.01
Gujarat, 31-10-2019, M, 4.91, 13828523.00, 52.27
Gujarat, 30-11-2019, M, 4.68, 14487815.00, 54.55
Gujarat, 31-12-2019, M, 3.46, 13877824.00, 51.51
Gujarat, 31-01-2020, M, 5.35, 14301844.00, 54.07
Gujarat, 29-02-2020, M, 6.64, 13973042.00, 53.48
Gujarat, 31-03-2020, M, 7.59, 13483615.00, 52.06
Gujarat, 30-04-2020, M, 12.00, 8587594.00, 34.77
Gujarat, 31-05-2020, M, 12.56, 11740781.00, 47.76
Gujarat, 30-06-2020, M, 1.39, 13270426.00, 47.80
Gujarat, 31-07-2020, M, 0.58, 13895092.00, 49.57
Gujarat, 31-08-2020, M, 0.95, 12611779.00, 45.09
Gujarat, 30-09-2020, M, 3.24, 15008970.00, 54.85
Gujarat, 31-10-2020, M, 2.70, 14534338.00, 52.74
Gujarat, 30-11-2020, M, 4.58, 14315192.00, 52.89
Gujarat, 31-12-2020, M, 1.30, 11784046.00, 42.03
Gujarat, 31-01-2021, M, 3.11, 13893075.00, 50.40
Gujarat, 28-02-2021, M, 3.03, 13470268.00, 48.76
Gujarat, 31-03-2021, M, 2.15, 14357667.00, 51.43
Gujarat, 30-04-2021, M, 1.61, 13739426.00, 48.87
Gujarat, 31-05-2021, M, 2.34, 13711252.00, 49.06
Gujarat, 30-06-2021, M, 1.54, 14206021.00, 50.35
Gujarat, 31-07-2021, M, 0.97, 14920938.00, 52.50
Haryana, 31-01-2016, M, 12.75, 5166429.00, 46.74
Haryana, 29-02-2016, M, 9.55, 5107763.00, 44.50
Haryana, 31-03-2016, M, 7.36, 5354862.00, 45.47
Haryana, 30-04-2016, M, 12.03, 5028469.00, 44.88
Haryana, 31-05-2016, M, 7.10, 5356324.00, 45.19
Haryana, 30-06-2016, M, 10.31, 4823368.00, 42.08
Haryana, 31-07-2016, M, 8.63, 4976264.00, 42.53
Haryana, 31-08-2016, M, 17.06, 4969421.00, 46.70
Haryana, 30-09-2016, M, 3.41, 5267062.00, 42.43
Haryana, 31-10-2016, M, 8.53, 4966838.00, 42.17
Haryana, 30-11-2016, M, 4.91, 5110195.00, 41.67
Haryana, 31-12-2016, M, 18.79, 4538689.00, 43.25
Haryana, 31-01-2017, M, 5.32, 5085276.00, 41.49
Haryana, 28-02-2017, M, 8.32, 4920716.00, 41.39
Haryana, 31-03-2017, M, 4.49, 4619780.00, 37.23
Haryana, 30-04-2017, M, 1.92, 4293016.00, 33.64
Haryana, 31-05-2017, M, 0.92, 4802740.00, 37.18
Haryana, 30-06-2017, M, 4.01, 4949445.00, 39.48
Haryana, 31-07-2017, M, 6.83, 4750170.00, 38.96
Haryana, 31-08-2017, M, 0.41, 4506125.00, 34.52
Haryana, 30-09-2017, M, 10.22, 5170890.00, 43.86
Haryana, 31-10-2017, M, 14.89, 4996948.00, 44.63
Haryana, 30-11-2017, M, 15.67, 4808009.00, 43.26
Haryana, 31-12-2017, M, 22.05, 4676789.00, 45.44
Haryana, 31-01-2018, M, 10.59, 5001436.00, 42.29
Haryana, 28-02-2018, M, 17.43, 4840912.00, 44.25
Haryana, 31-03-2018, M, 12.50, 4786117.00, 41.21
Haryana, 30-04-2018, M, 23.72, 4614001.00, 45.49
Haryana, 31-05-2018, M, 11.25, 5007325.00, 42.35
Haryana, 30-06-2018, M, 15.44, 4860036.00, 43.06
Haryana, 31-07-2018, M, 12.57, 4867627.00, 41.64
Haryana, 31-08-2018, M, 25.09, 4691544.00, 46.76
Haryana, 30-09-2018, M, 14.01, 5060749.00, 43.86
Haryana, 31-10-2018, M, 18.67, 4842527.00, 44.29
Haryana, 30-11-2018, M, 17.34, 4765000.00, 42.80
Haryana, 31-12-2018, M, 25.59, 4636216.00, 46.18
Haryana, 31-01-2019, M, 14.00, 5057731.00, 43.51
Haryana, 28-02-2019, M, 21.05, 4759841.00, 44.53
Haryana, 31-03-2019, M, 16.01, 4719152.00, 41.43
Haryana, 30-04-2019, M, 27.78, 4521365.00, 46.07
Haryana, 31-05-2019, M, 14.54, 5249186.00, 45.12
Haryana, 30-06-2019, M, 23.08, 4745178.00, 45.23
Haryana, 31-07-2019, M, 16.22, 4826560.00, 42.17
Haryana, 31-08-2019, M, 30.94, 4558306.00, 48.23
Haryana, 30-09-2019, M, 16.29, 5137903.00, 44.76
Haryana, 31-10-2019, M, 24.17, 4798831.00, 46.07
Haryana, 30-11-2019, M, 16.59, 4875762.00, 42.48
Haryana, 31-12-2019, M, 29.56, 4603482.00, 47.40
Haryana, 31-01-2020, M, 16.21, 5062293.00, 43.74
Haryana, 29-02-2020, M, 27.19, 4570108.00, 45.37
Haryana, 31-03-2020, M, 23.92, 4366148.00, 41.40
Haryana, 30-04-2020, M, 41.61, 4041050.00, 49.85
Haryana, 31-05-2020, M, 23.70, 4424785.00, 41.69
Haryana, 30-06-2020, M, 25.80, 4594282.00, 44.43
Haryana, 31-07-2020, M, 17.62, 4440170.00, 38.61
Haryana, 31-08-2020, M, 32.01, 4594011.00, 48.31
Haryana, 30-09-2020, M, 13.32, 4728711.00, 38.93
Haryana, 31-10-2020, M, 30.51, 4222454.00, 43.29
Haryana, 30-11-2020, M, 17.17, 4691436.00, 40.28
Haryana, 31-12-2020, M, 29.01, 4274940.00, 42.74
Haryana, 31-01-2021, M, 11.07, 4949138.00, 39.43
Haryana, 28-02-2021, M, 29.80, 4273138.00, 43.06
Haryana, 31-03-2021, M, 21.52, 4834960.00, 43.49
Haryana, 30-04-2021, M, 31.00, 4435071.00, 45.30
Haryana, 31-05-2021, M, 20.42, 4330493.00, 38.28
Haryana, 30-06-2021, M, 29.70, 4305061.00, 43.00
Haryana, 31-07-2021, M, 21.00, 4559615.00, 40.45
Himachal Pradesh, 31-01-2016, M, 3.27, 2000786.00, 41.24
Himachal Pradesh, 29-02-2016, M, 3.57, 1970430.00, 40.68
Himachal Pradesh, 31-03-2016, M, 5.85, 2100552.00, 44.34
Himachal Pradesh, 30-04-2016, M, 3.18, 1765170.00, 36.18
Himachal Pradesh, 31-05-2016, M, 4.38, 2032688.00, 42.11
Himachal Pradesh, 30-06-2016, M, 1.12, 2027298.00, 40.55
Himachal Pradesh, 31-07-2016, M, 9.24, 2018840.00, 43.91
Himachal Pradesh, 31-08-2016, M, 3.85, 1865352.00, 38.24
Himachal Pradesh, 30-09-2016, M, 1.90, 2044719.00, 41.02
Himachal Pradesh, 31-10-2016, M, 0.58, 2012823.00, 39.77
Himachal Pradesh, 30-11-2016, M, 4.24, 2092519.00, 42.86
Himachal Pradesh, 31-12-2016, M, 1.37, 2054390.00, 40.78
Himachal Pradesh, 31-01-2017, M, 1.69, 2104469.00, 41.84
Himachal Pradesh, 28-02-2017, M, 2.33, 2084263.00, 41.65
Himachal Pradesh, 31-03-2017, M, 2.67, 2223547.00, 44.51
Himachal Pradesh, 30-04-2017, M, 0.00, 2064632.00, 40.16
Himachal Pradesh, 31-05-2017, M, 1.95, 2095865.00, 41.51
Himachal Pradesh, 30-06-2017, M, 1.23, 2073500.00, 40.70
Himachal Pradesh, 31-07-2017, M, 2.58, 2015874.00, 40.05
Himachal Pradesh, 31-08-2017, M, 0.69, 2093342.00, 40.73
Himachal Pradesh, 30-09-2017, M, 4.90, 2112658.00, 42.86
Himachal Pradesh, 31-10-2017, M, 4.64, 2022287.00, 40.84
Himachal Pradesh, 30-11-2017, M, 14.40, 2129469.00, 47.83
Himachal Pradesh, 31-12-2017, M, 11.11, 2111612.00, 45.60
Himachal Pradesh, 31-01-2018, M, 12.77, 2033763.00, 44.68
Himachal Pradesh, 28-02-2018, M, 8.81, 1938777.00, 40.68
Himachal Pradesh, 31-03-2018, M, 15.10, 2001643.00, 45.04
Himachal Pradesh, 30-04-2018, M, 16.96, 2040394.00, 46.86
Himachal Pradesh, 31-05-2018, M, 13.81, 2030015.00, 44.84
Himachal Pradesh, 30-06-2018, M, 11.11, 1941319.00, 41.51
Himachal Pradesh, 31-07-2018, M, 17.70, 1956462.00, 45.11
Himachal Pradesh, 31-08-2018, M, 17.09, 2006877.00, 45.85
Himachal Pradesh, 30-09-2018, M, 14.53, 2085719.00, 46.15
Himachal Pradesh, 31-10-2018, M, 12.44, 1982012.00, 42.74
Himachal Pradesh, 30-11-2018, M, 19.32, 2094338.00, 48.94
Himachal Pradesh, 31-12-2018, M, 18.67, 2013285.00, 46.58
Himachal Pradesh, 31-01-2019, M, 14.29, 2052608.00, 44.99
Himachal Pradesh, 28-02-2019, M, 13.33, 1988122.00, 43.03
Himachal Pradesh, 31-03-2019, M, 18.55, 1957550.00, 45.01
Himachal Pradesh, 30-04-2019, M, 19.18, 1988817.00, 46.01
Himachal Pradesh, 31-05-2019, M, 13.68, 2045761.00, 44.23
Himachal Pradesh, 30-06-2019, M, 11.43, 1957081.00, 41.18
Himachal Pradesh, 31-07-2019, M, 20.59, 1916824.00, 44.91
Himachal Pradesh, 31-08-2019, M, 18.56, 1969248.00, 44.91
Himachal Pradesh, 30-09-2019, M, 15.98, 2039804.00, 45.02
Himachal Pradesh, 31-10-2019, M, 15.81, 1946957.00, 42.81
Himachal Pradesh, 30-11-2019, M, 22.86, 2024409.00, 48.50
Himachal Pradesh, 31-12-2019, M, 19.46, 1922821.00, 44.05
Himachal Pradesh, 31-01-2020, M, 16.67, 2041035.00, 45.11
Himachal Pradesh, 29-02-2020, M, 15.42, 1952464.00, 42.45
Himachal Pradesh, 31-03-2020, M, 17.71, 1800426.00, 40.17
Himachal Pradesh, 30-04-2020, M, 2.13, 984171.00, 18.43
Himachal Pradesh, 31-05-2020, M, 25.64, 1732050.00, 42.62
Himachal Pradesh, 30-06-2020, M, 12.85, 1981244.00, 41.53
Himachal Pradesh, 31-07-2020, M, 24.06, 2013770.00, 48.36
Himachal Pradesh, 31-08-2020, M, 14.05, 1801879.00, 38.17
Himachal Pradesh, 30-09-2020, M, 11.36, 2008871.00, 41.20
Himachal Pradesh, 31-10-2020, M, 13.42, 1913360.00, 40.10
Himachal Pradesh, 30-11-2020, M, 15.57, 1760074.00, 37.77
Himachal Pradesh, 31-12-2020, M, 7.02, 1953491.00, 38.00
Himachal Pradesh, 31-01-2021, M, 11.43, 2019761.00, 41.18
Himachal Pradesh, 28-02-2021, M, 15.50, 1867240.00, 39.84
Himachal Pradesh, 31-03-2021, M, 13.84, 1706608.00, 35.65
Himachal Pradesh, 30-04-2021, M, 10.53, 1789783.00, 35.95
Himachal Pradesh, 31-05-2021, M, 6.85, 2026996.00, 39.04
Himachal Pradesh, 30-06-2021, M, 16.51, 1740008.00, 37.33
Himachal Pradesh, 31-07-2021, M, 14.62, 1806499.00, 37.83
Jammu & Kashmir, 31-01-2016, M, 11.52, 2456244.00, 42.68
Jammu & Kashmir, 29-02-2016, M, 18.62, 2299744.00, 43.36
Jammu & Kashmir, 31-03-2016, M, 11.52, 2413465.00, 41.77
Jammu & Kashmir, 30-04-2016, M, 5.29, 2619857.00, 42.27
Jammu & Kashmir, 31-05-2016, M, 22.68, 2366341.00, 46.67
Jammu & Kashmir, 30-06-2016, M, 21.38, 2427365.00, 47.00
Jammu & Kashmir, 31-07-2016, M, 17.04, 2416967.00, 44.25
Jammu & Kashmir, 31-08-2016, M, 25.00, 2664982.00, 53.86
Jammu & Kashmir, 30-09-2016, M, 26.74, 2256905.00, 46.60
Jammu & Kashmir, 31-10-2016, M, 25.76, 2304905.00, 46.87
Jammu & Kashmir, 30-11-2016, M, 34.33, 2157865.00, 49.51
Jammu & Kashmir, 31-12-2016, M, 22.89, 2722685.00, 53.09
Jammu & Kashmir, 31-01-2017, M, 25.00, 2240329.00, 44.82
Jammu & Kashmir, 28-02-2017, M, 7.05, 2450978.00, 39.49
Jammu & Kashmir, 31-03-2017, M, 22.70, 2426854.00, 46.92
Jammu & Kashmir, 30-04-2017, M, 19.54, 2676450.00, 49.62
Jammu & Kashmir, 31-05-2017, M, 9.85, 2304774.00, 38.06
Jammu & Kashmir, 30-06-2017, M, 8.79, 2367608.00, 38.57
Jammu & Kashmir, 31-07-2017, M, 7.78, 2361216.00, 37.96
Jammu & Kashmir, 31-08-2017, M, 6.31, 2734692.00, 43.19
Jammu & Kashmir, 30-09-2017, M, 13.44, 2391408.00, 40.80
Jammu & Kashmir, 31-10-2017, M, 10.99, 2424483.00, 40.14
Jammu & Kashmir, 30-11-2017, M, 12.86, 2498696.00, 42.17
Jammu & Kashmir, 31-12-2017, M, 12.76, 2693199.00, 45.31
Jammu & Kashmir, 31-01-2018, M, 6.87, 2435760.00, 38.31
Jammu & Kashmir, 28-02-2018, M, 15.89, 2258418.00, 39.25
Jammu & Kashmir, 31-03-2018, M, 14.35, 2529950.00, 43.09
Jammu & Kashmir, 30-04-2018, M, 10.14, 2786778.00, 45.15
Jammu & Kashmir, 31-05-2018, M, 7.98, 2511807.00, 39.66
Jammu & Kashmir, 30-06-2018, M, 11.44, 2296539.00, 37.61
Jammu & Kashmir, 31-07-2018, M, 8.46, 2515607.00, 39.77
Jammu & Kashmir, 31-08-2018, M, 6.99, 2759042.00, 42.84
Jammu & Kashmir, 30-09-2018, M, 13.01, 2378621.00, 39.41
Jammu & Kashmir, 31-10-2018, M, 12.92, 2170451.00, 35.85
Jammu & Kashmir, 30-11-2018, M, 10.58, 2409452.00, 38.68
Jammu & Kashmir, 31-12-2018, M, 8.24, 2703612.00, 42.21
Jammu & Kashmir, 31-01-2019, M, 14.60, 2453894.00, 41.08
Jammu & Kashmir, 28-02-2019, M, 13.30, 2366325.00, 38.95
Jammu & Kashmir, 31-03-2019, M, 13.73, 2582126.00, 42.62
Jammu & Kashmir, 30-04-2019, M, 8.73, 2828192.00, 44.04
Jammu & Kashmir, 31-05-2019, M, 12.78, 2495186.00, 40.57
Jammu & Kashmir, 30-06-2019, M, 12.09, 2423742.00, 39.02
Jammu & Kashmir, 31-07-2019, M, 13.67, 2549315.00, 41.71
Jammu & Kashmir, 31-08-2019, M, 11.32, 2778624.00, 44.17
Jammu & Kashmir, 30-09-2019, M, 20.19, 2244333.00, 39.56
Jammu & Kashmir, 31-10-2019, M, 19.27, 2477621.00, 43.08
Jammu & Kashmir, 30-11-2019, M, 14.73, 2415724.00, 39.69
Jammu & Kashmir, 31-01-2020, M, 22.19, 2373488.00, 42.56
Jammu & Kashmir, 29-02-2020, M, 21.23, 2163397.00, 38.25
Jammu & Kashmir, 31-03-2020, M, 16.00, 2361004.00, 39.06
Jammu & Kashmir, 31-05-2020, M, 20.87, 2309058.00, 40.39
Jammu & Kashmir, 30-06-2020, M, 18.97, 2049617.00, 34.94
Jammu & Kashmir, 31-07-2020, M, 12.16, 2455781.00, 38.54
Jammu & Kashmir, 31-08-2020, M, 9.86, 2398006.00, 36.60
Jammu & Kashmir, 30-09-2020, M, 16.67, 2276081.00, 37.50
Jammu & Kashmir, 31-10-2020, M, 18.99, 2103975.00, 35.59
Jammu & Kashmir, 30-11-2020, M, 6.19, 2061655.00, 30.05
Jammu & Kashmir, 31-01-2021, M, 20.35, 2250612.00, 38.48
Jammu & Kashmir, 28-02-2021, M, 13.41, 2016760.00, 31.66
Jammu & Kashmir, 31-03-2021, M, 9.33, 2097497.00, 31.38
Jammu & Kashmir, 30-04-2021, M, 10.53, 2700551.00, 40.86
Jammu & Kashmir, 31-05-2021, M, 9.05, 2367082.00, 35.16
Jammu & Kashmir, 30-06-2021, M, 6.67, 2264323.00, 32.71
Jammu & Kashmir, 31-07-2021, M, 14.98, 2295211.00, 36.32
Jharkhand, 31-01-2016, M, 13.02, 5758593.00, 37.37
Jharkhand, 29-02-2016, M, 9.83, 7053871.00, 44.06
Jharkhand, 31-03-2016, M, 6.52, 6651470.00, 39.98
Jharkhand, 30-04-2016, M, 5.44, 7966546.00, 47.23
Jharkhand, 31-05-2016, M, 10.91, 6013866.00, 37.76
Jharkhand, 30-06-2016, M, 5.09, 7251741.00, 42.64
Jharkhand, 31-07-2016, M, 1.85, 7150109.00, 40.56
Jharkhand, 31-08-2016, M, 7.49, 7692566.00, 46.19
Jharkhand, 30-09-2016, M, 4.46, 6937521.00, 40.25
Jharkhand, 31-10-2016, M, 3.44, 7299252.00, 41.80
Jharkhand, 30-11-2016, M, 0.72, 7298964.00, 40.56
Jharkhand, 31-12-2016, M, 0.77, 7863807.00, 43.62
Jharkhand, 31-01-2017, M, 3.31, 7038602.00, 39.98
Jharkhand, 28-02-2017, M, 2.38, 7285603.00, 40.90
Jharkhand, 31-03-2017, M, 0.00, 7138318.00, 39.03
Jharkhand, 30-04-2017, M, 0.35, 7572661.00, 41.46
Jharkhand, 31-05-2017, M, 1.75, 7130551.00, 39.50
Jharkhand, 30-06-2017, M, 3.67, 7415602.00, 41.81
Jharkhand, 31-07-2017, M, 0.51, 6793196.00, 37.00
Jharkhand, 31-08-2017, M, 1.18, 7312124.00, 40.00
Jharkhand, 30-09-2017, M, 8.20, 7091669.00, 41.67
Jharkhand, 31-10-2017, M, 7.36, 7312875.00, 42.48
Jharkhand, 30-11-2017, M, 5.70, 6838769.00, 38.94
Jharkhand, 31-12-2017, M, 6.19, 7207751.00, 41.16
Jharkhand, 31-01-2018, M, 4.76, 7183570.00, 40.31
Jharkhand, 28-02-2018, M, 5.99, 7328725.00, 41.57
Jharkhand, 31-03-2018, M, 6.19, 7004467.00, 39.73
Jharkhand, 30-04-2018, M, 8.90, 6921262.00, 40.33
Jharkhand, 31-05-2018, M, 7.45, 7141579.00, 40.87
Jharkhand, 30-06-2018, M, 7.93, 7239300.00, 41.55
Jharkhand, 31-07-2018, M, 9.20, 6963289.00, 40.43
Jharkhand, 31-08-2018, M, 7.96, 7005921.00, 40.04
Jharkhand, 30-09-2018, M, 5.88, 7149328.00, 39.87
Jharkhand, 31-10-2018, M, 7.32, 7405022.00, 41.84
Jharkhand, 30-11-2018, M, 8.55, 6951215.00, 39.71
Jharkhand, 31-12-2018, M, 9.78, 6970551.00, 40.27
Jharkhand, 31-01-2019, M, 6.20, 7056831.00, 39.13
Jharkhand, 28-02-2019, M, 5.45, 7483195.00, 41.08
Jharkhand, 31-03-2019, M, 11.88, 6879839.00, 40.43
Jharkhand, 30-04-2019, M, 10.71, 7220330.00, 41.77
Jharkhand, 31-05-2019, M, 7.11, 7035762.00, 39.04
Jharkhand, 30-06-2019, M, 8.46, 7319780.00, 41.12
Jharkhand, 31-07-2019, M, 9.98, 6958399.00, 39.66
Jharkhand, 31-08-2019, M, 12.06, 7015356.00, 40.83
Jharkhand, 30-09-2019, M, 6.38, 7673454.00, 41.86
Jharkhand, 31-10-2019, M, 6.57, 7761238.00, 42.33
Jharkhand, 30-11-2019, M, 8.07, 7279631.00, 40.26
Jharkhand, 31-12-2019, M, 15.15, 6873439.00, 41.09
Jharkhand, 31-01-2020, M, 6.16, 7868736.00, 42.43
Jharkhand, 29-02-2020, M, 9.06, 7932402.00, 44.05
Jharkhand, 31-03-2020, M, 5.01, 7157454.00, 37.96
Jharkhand, 30-04-2020, M, 41.72, 4280434.00, 36.92
Jharkhand, 31-05-2020, M, 55.10, 3315038.00, 37.03
Jharkhand, 30-06-2020, M, 21.53, 6375114.00, 40.65
Jharkhand, 31-07-2020, M, 8.36, 6907458.00, 37.63
Jharkhand, 31-08-2020, M, 6.35, 7093468.00, 37.72
Jharkhand, 30-09-2020, M, 7.79, 7640366.00, 41.18
Jharkhand, 31-10-2020, M, 11.32, 7999884.00, 44.73
Jharkhand, 30-11-2020, M, 8.17, 7201406.00, 38.79
Jharkhand, 31-12-2020, M, 9.86, 7359442.00, 40.30
Jharkhand, 31-01-2021, M, 8.53, 7634206.00, 41.10
Jharkhand, 28-02-2021, M, 10.82, 7921963.00, 43.65
Jharkhand, 31-03-2021, M, 12.77, 7227462.00, 40.62
Jharkhand, 30-04-2021, M, 14.13, 7295292.00, 41.56
Jharkhand, 31-05-2021, M, 12.04, 7157235.00, 39.71
Jharkhand, 30-06-2021, M, 9.91, 8483224.00, 45.85
Jharkhand, 31-07-2021, M, 8.46, 7743077.00, 41.09
Karnataka, 31-01-2016, M, 4.42, 14637441.00, 51.30
Karnataka, 29-02-2016, M, 4.85, 14583090.00, 51.27
Karnataka, 31-03-2016, M, 2.47, 14030453.00, 48.05
Karnataka, 30-04-2016, M, 2.76, 14253810.00, 48.88
Karnataka, 31-05-2016, M, 8.58, 14707637.00, 53.57
Karnataka, 30-06-2016, M, 2.62, 14859834.00, 50.73
Karnataka, 31-07-2016, M, 2.40, 15093524.00, 51.34
Karnataka, 31-08-2016, M, 2.03, 14453326.00, 48.90
Karnataka, 30-09-2016, M, 3.39, 16136233.00, 55.28
Karnataka, 31-10-2016, M, 4.43, 15537123.00, 53.72
Karnataka, 30-11-2016, M, 5.36, 14036958.00, 48.94
Karnataka, 31-12-2016, M, 3.51, 15783823.00, 53.88
Karnataka, 31-01-2017, M, 5.93, 15753216.00, 55.07
Karnataka, 28-02-2017, M, 3.87, 15467427.00, 52.84
Karnataka, 31-03-2017, M, 3.03, 13609914.00, 46.02
Karnataka, 30-04-2017, M, 0.60, 15843899.00, 52.19
Karnataka, 31-05-2017, M, 0.78, 15514006.00, 51.12
Karnataka, 30-06-2017, M, 0.94, 14571995.00, 48.02
Karnataka, 31-07-2017, M, 1.45, 13208069.00, 43.68
Karnataka, 31-08-2017, M, 0.17, 16513005.00, 53.82
Karnataka, 30-09-2017, M, 0.80, 14833779.00, 48.58
Karnataka, 31-10-2017, M, 0.38, 15705312.00, 51.14
Karnataka, 30-11-2017, M, 1.68, 14318608.00, 47.17
Karnataka, 31-12-2017, M, 2.29, 14103091.00, 46.68
Karnataka, 31-01-2018, M, 0.95, 15227837.00, 49.64
Karnataka, 28-02-2018, M, 2.41, 15009921.00, 49.59
Karnataka, 31-03-2018, M, 3.63, 13593222.00, 45.41
Karnataka, 30-04-2018, M, 0.98, 14314823.00, 46.47
Karnataka, 31-05-2018, M, 0.88, 14901557.00, 48.25
Karnataka, 30-06-2018, M, 2.01, 14816106.00, 48.45
Karnataka, 31-07-2018, M, 2.91, 12860192.00, 42.38
Karnataka, 31-08-2018, M, 0.60, 13843390.00, 44.49
Karnataka, 30-09-2018, M, 0.38, 14419564.00, 46.17
Karnataka, 31-10-2018, M, 1.65, 13943696.00, 45.15
Karnataka, 30-11-2018, M, 1.44, 12931767.00, 41.72
Karnataka, 31-12-2018, M, 0.65, 13040378.00, 41.67
Karnataka, 31-01-2019, M, 0.98, 14335721.00, 45.89
Karnataka, 28-02-2019, M, 1.78, 13551873.00, 43.67
Karnataka, 31-03-2019, M, 0.85, 11927951.00, 38.02
Karnataka, 30-04-2019, M, 0.24, 12715644.00, 40.22
Karnataka, 31-05-2019, M, 5.46, 13911444.00, 46.36
Karnataka, 30-06-2019, M, 5.98, 12888498.00, 43.12
Karnataka, 31-07-2019, M, 0.52, 12169803.00, 38.42
Karnataka, 31-08-2019, M, 0.37, 12686467.00, 39.93
Karnataka, 30-09-2019, M, 3.15, 13750519.00, 44.46
Karnataka, 31-10-2019, M, 7.13, 12803523.00, 43.10
Karnataka, 30-11-2019, M, 1.19, 11537212.00, 36.45
Karnataka, 31-12-2019, M, 0.41, 12756131.00, 39.92
Karnataka, 31-01-2020, M, 2.57, 13938874.00, 44.52
Karnataka, 29-02-2020, M, 4.11, 12753657.00, 41.33
Karnataka, 31-03-2020, M, 2.39, 12853818.00, 40.85
Karnataka, 30-04-2020, M, 33.17, 9330400.00, 43.25
Karnataka, 31-05-2020, M, 23.72, 10626328.00, 43.09
Karnataka, 30-06-2020, M, 10.92, 15396213.00, 53.37
Karnataka, 31-07-2020, M, 4.61, 13957482.00, 45.11
Karnataka, 31-08-2020, M, 0.00, 14448864.00, 44.48
Karnataka, 30-09-2020, M, 2.68, 11664790.00, 36.84
Karnataka, 31-10-2020, M, 1.11, 13722339.00, 42.59
Karnataka, 30-11-2020, M, 2.13, 13133425.00, 41.12
Karnataka, 31-12-2020, M, 1.12, 13478754.00, 41.71
Karnataka, 31-01-2021, M, 3.82, 13160475.00, 41.80
Karnataka, 28-02-2021, M, 2.53, 14028978.00, 43.91
Karnataka, 31-03-2021, M, 0.98, 13418162.00, 41.27
Karnataka, 30-04-2021, M, 1.94, 14396676.00, 44.65
Karnataka, 31-05-2021, M, 4.31, 14906310.00, 47.30
Karnataka, 30-06-2021, M, 2.83, 15137155.00, 47.23
Karnataka, 31-07-2021, M, 2.33, 13784191.00, 42.72
Kerala, 31-01-2016, M, 20.60, 5300277.00, 47.47
Kerala, 29-02-2016, M, 23.68, 5462975.00, 50.86
Kerala, 31-03-2016, M, 26.37, 5077492.00, 48.95
Kerala, 30-04-2016, M, 17.39, 5514386.00, 47.34
Kerala, 31-05-2016, M, 13.10, 5675443.00, 46.28
Kerala, 30-06-2016, M, 6.56, 5537808.00, 41.95
Kerala, 31-07-2016, M, 12.70, 5161522.00, 41.81
Kerala, 31-08-2016, M, 18.33, 5779460.00, 50.00
Kerala, 30-09-2016, M, 5.52, 5593516.00, 41.79
Kerala, 31-10-2016, M, 1.21, 5741752.00, 40.99
Kerala, 30-11-2016, M, 17.40, 4842570.00, 41.31
Kerala, 31-12-2016, M, 20.92, 5677441.00, 50.54
Kerala, 31-01-2017, M, 12.27, 5589822.00, 44.81
Kerala, 28-02-2017, M, 7.67, 5489803.00, 41.78
Kerala, 31-03-2017, M, 11.64, 5006907.00, 39.78
Kerala, 30-04-2017, M, 4.05, 5612425.00, 41.03
Kerala, 31-05-2017, M, 10.23, 5074510.00, 39.61
Kerala, 30-06-2017, M, 4.76, 5265340.00, 38.71
Kerala, 31-07-2017, M, 8.52, 4912673.00, 37.57
Kerala, 31-08-2017, M, 4.41, 5648257.00, 41.30
Kerala, 30-09-2017, M, 5.54, 5029347.00, 37.17
Kerala, 31-10-2017, M, 11.60, 5465402.00, 43.13
Kerala, 30-11-2017, M, 11.52, 5253238.00, 41.38
Kerala, 31-12-2017, M, 13.42, 5048010.00, 40.60
Kerala, 31-01-2018, M, 6.56, 5041669.00, 37.54
Kerala, 28-02-2018, M, 7.42, 5522167.00, 41.46
Kerala, 31-03-2018, M, 11.21, 5069678.00, 39.65
Kerala, 30-04-2018, M, 5.91, 5061784.00, 37.32
Kerala, 31-05-2018, M, 4.97, 5195194.00, 37.89
Kerala, 30-06-2018, M, 8.99, 5543620.00, 42.18
Kerala, 31-07-2018, M, 8.38, 5003177.00, 37.78
Kerala, 30-09-2018, M, 3.68, 5269194.00, 37.78
Kerala, 31-10-2018, M, 8.28, 5380921.00, 40.48
Kerala, 30-11-2018, M, 6.80, 5050544.00, 37.35
Kerala, 31-12-2018, M, 9.31, 4921237.00, 37.37
Kerala, 31-01-2019, M, 6.84, 5222669.00, 38.57
Kerala, 28-02-2019, M, 8.63, 5449506.00, 41.00
Kerala, 31-03-2019, M, 6.47, 4834731.00, 35.50
Kerala, 30-04-2019, M, 9.97, 5119786.00, 39.02
Kerala, 31-05-2019, M, 6.63, 5184353.00, 38.07
Kerala, 30-06-2019, M, 9.00, 5605625.00, 42.19
Kerala, 31-07-2019, M, 4.95, 4855392.00, 34.96
Kerala, 31-08-2019, M, 10.32, 5233449.00, 39.90
Kerala, 30-09-2019, M, 5.35, 5400501.00, 38.97
Kerala, 31-10-2019, M, 9.14, 5328825.00, 40.02
Kerala, 30-11-2019, M, 5.00, 4557907.00, 32.71
Kerala, 31-12-2019, M, 10.77, 5065808.00, 38.67
Kerala, 31-01-2020, M, 4.11, 5307026.00, 37.66
Kerala, 29-02-2020, M, 8.91, 5203579.00, 38.84
Kerala, 31-03-2020, M, 8.85, 4141953.00, 30.87
Kerala, 30-04-2020, M, 10.71, 1754170.00, 13.33
Kerala, 31-05-2020, M, 15.00, 4590028.00, 36.61
Kerala, 30-06-2020, M, 10.31, 4945465.00, 37.35
Kerala, 31-07-2020, M, 9.38, 5178313.00, 38.67
Kerala, 31-08-2020, M, 14.89, 4849146.00, 38.52
Kerala, 30-09-2020, M, 6.61, 5089965.00, 36.82
Kerala, 31-10-2020, M, 3.59, 4918738.00, 34.43
Kerala, 30-11-2020, M, 6.85, 4676120.00, 33.85
Kerala, 31-12-2020, M, 6.39, 4988245.00, 35.90
Kerala, 31-01-2021, M, 5.40, 5128313.00, 36.48
Kerala, 28-02-2021, M, 4.43, 4966612.00, 34.95
Kerala, 31-03-2021, M, 6.63, 4889337.00, 35.18
Kerala, 30-04-2021, M, 8.50, 5080147.00, 37.27
Kerala, 31-05-2021, M, 21.82, 4110493.00, 35.26
Kerala, 30-06-2021, M, 12.98, 3920661.00, 30.18
Kerala, 31-07-2021, M, 8.40, 4585176.00, 33.50
Madhya Pradesh, 31-01-2016, M, 2.80, 18423858.00, 49.24
Madhya Pradesh, 29-02-2016, M, 4.33, 15217606.00, 41.24
Madhya Pradesh, 31-03-2016, M, 2.91, 14149192.00, 37.70
Madhya Pradesh, 30-04-2016, M, 7.98, 15794944.00, 44.31
Madhya Pradesh, 31-05-2016, M, 5.26, 18212768.00, 49.52
Madhya Pradesh, 30-06-2016, M, 2.63, 15859289.00, 41.86
Madhya Pradesh, 31-07-2016, M, 10.64, 13779381.00, 39.55
Madhya Pradesh, 31-08-2016, M, 8.34, 15138404.00, 42.27
Madhya Pradesh, 30-09-2016, M, 7.11, 16795529.00, 46.17
Madhya Pradesh, 31-10-2016, M, 5.78, 16819538.00, 45.49
Madhya Pradesh, 30-11-2016, M, 6.17, 14078543.00, 38.15
Madhya Pradesh, 31-12-2016, M, 1.37, 14801361.00, 38.07
Madhya Pradesh, 31-01-2017, M, 2.35, 16322654.00, 42.31
Madhya Pradesh, 28-02-2017, M, 4.09, 16490043.00, 43.44
Madhya Pradesh, 31-03-2017, M, 2.44, 16427527.00, 42.45
Madhya Pradesh, 30-04-2017, M, 1.65, 14367717.00, 36.75
Madhya Pradesh, 31-05-2017, M, 1.44, 16411533.00, 41.80
Madhya Pradesh, 30-06-2017, M, 1.72, 17532197.00, 44.68
Madhya Pradesh, 31-07-2017, M, 0.86, 16826553.00, 42.42
Madhya Pradesh, 31-08-2017, M, 0.63, 15348329.00, 38.52
Madhya Pradesh, 30-09-2017, M, 0.82, 16286314.00, 40.86
Madhya Pradesh, 31-10-2017, M, 0.18, 15574666.00, 38.74
Madhya Pradesh, 30-11-2017, M, 3.41, 15958810.00, 40.94
Madhya Pradesh, 31-12-2017, M, 1.50, 16740051.00, 42.02
Madhya Pradesh, 31-01-2018, M, 2.00, 15316143.00, 38.55
Madhya Pradesh, 28-02-2018, M, 2.03, 15927347.00, 40.03
Madhya Pradesh, 31-03-2018, M, 4.27, 16238450.00, 41.67
Madhya Pradesh, 30-04-2018, M, 2.76, 16261153.00, 40.99
Madhya Pradesh, 31-05-2018, M, 1.58, 15357946.00, 38.17
Madhya Pradesh, 30-06-2018, M, 2.00, 15520250.00, 38.66
Madhya Pradesh, 31-07-2018, M, 3.62, 15474298.00, 39.10
Madhya Pradesh, 31-08-2018, M, 6.41, 16271156.00, 42.25
Madhya Pradesh, 30-09-2018, M, 3.66, 15114646.00, 38.04
Madhya Pradesh, 31-10-2018, M, 7.31, 15128954.00, 39.49
Madhya Pradesh, 30-11-2018, M, 5.97, 15004515.00, 38.53
Madhya Pradesh, 31-12-2018, M, 6.98, 15588737.00, 40.38
Madhya Pradesh, 31-01-2019, M, 4.67, 15262970.00, 38.49
Madhya Pradesh, 28-02-2019, M, 6.33, 16047857.00, 41.10
Madhya Pradesh, 31-03-2019, M, 4.06, 15705488.00, 39.19
Madhya Pradesh, 30-04-2019, M, 6.30, 15708503.00, 40.05
Madhya Pradesh, 31-05-2019, M, 3.63, 15349833.00, 37.97
Madhya Pradesh, 30-06-2019, M, 4.25, 16294789.00, 40.48
Madhya Pradesh, 31-07-2019, M, 3.92, 16274702.00, 40.20
Madhya Pradesh, 31-08-2019, M, 4.94, 16559144.00, 41.25
Madhya Pradesh, 30-09-2019, M, 3.32, 16205452.00, 39.61
Madhya Pradesh, 31-10-2019, M, 2.98, 17060636.00, 41.46
Madhya Pradesh, 30-11-2019, M, 2.72, 16306425.00, 39.44
Madhya Pradesh, 31-12-2019, M, 2.94, 16854646.00, 40.77
Madhya Pradesh, 31-01-2020, M, 3.66, 16183702.00, 39.35
Madhya Pradesh, 29-02-2020, M, 4.42, 16178044.00, 39.57
Madhya Pradesh, 31-03-2020, M, 1.19, 16480441.00, 38.90
Madhya Pradesh, 30-04-2020, M, 12.50, 14238959.00, 37.88
Madhya Pradesh, 31-05-2020, M, 22.41, 13113588.00, 39.25
Madhya Pradesh, 30-06-2020, M, 5.09, 16745326.00, 40.89
Madhya Pradesh, 31-07-2020, M, 3.12, 17564717.00, 41.92
Madhya Pradesh, 31-08-2020, M, 4.19, 16678710.00, 40.17
Madhya Pradesh, 30-09-2020, M, 1.97, 16614381.00, 39.02
Madhya Pradesh, 31-10-2020, M, 2.36, 16604835.00, 39.07
Madhya Pradesh, 30-11-2020, M, 3.43, 17833203.00, 42.33
Madhya Pradesh, 31-12-2020, M, 4.70, 17361870.00, 41.67
Madhya Pradesh, 31-01-2021, M, 5.53, 16425899.00, 39.69
Madhya Pradesh, 28-02-2021, M, 1.45, 16110846.00, 37.24
Madhya Pradesh, 31-03-2021, M, 0.98, 17514181.00, 40.20
Madhya Pradesh, 30-04-2021, M, 1.09, 16536975.00, 37.92
Madhya Pradesh, 31-05-2021, M, 4.97, 15616235.00, 37.19
Madhya Pradesh, 30-06-2021, M, 1.45, 16249247.00, 37.24
Madhya Pradesh, 31-07-2021, M, 1.34, 17360105.00, 39.65
Maharashtra, 31-01-2016, M, 4.41, 23349301.00, 49.81
Maharashtra, 29-02-2016, M, 2.27, 24009199.00, 50.02
Maharashtra, 31-03-2016, M, 4.23, 24256813.00, 51.47
Maharashtra, 30-04-2016, M, 8.48, 24355586.00, 53.98
Maharashtra, 31-05-2016, M, 6.75, 25381354.00, 55.12
Maharashtra, 30-06-2016, M, 6.23, 25770672.00, 55.56
Maharashtra, 31-07-2016, M, 6.72, 26924026.00, 58.24
Maharashtra, 31-08-2016, M, 6.16, 24478824.00, 52.54
Maharashtra, 30-09-2016, M, 3.69, 26376296.00, 55.06
Maharashtra, 31-10-2016, M, 2.62, 26704911.00, 55.04
Maharashtra, 30-11-2016, M, 5.44, 25674138.00, 54.39
Maharashtra, 31-12-2016, M, 4.61, 24664651.00, 51.71
Maharashtra, 31-01-2017, M, 2.84, 25807027.00, 53.02
Maharashtra, 28-02-2017, M, 2.59, 25901602.00, 52.99
Maharashtra, 31-03-2017, M, 9.27, 25629032.00, 56.19
Maharashtra, 30-04-2017, M, 4.25, 25216698.00, 52.30
Maharashtra, 31-05-2017, M, 4.55, 25999202.00, 53.99
Maharashtra, 30-06-2017, M, 4.49, 25777081.00, 53.40
Maharashtra, 31-07-2017, M, 3.27, 27783238.00, 56.73
Maharashtra, 31-08-2017, M, 3.22, 26053589.00, 53.07
Maharashtra, 30-09-2017, M, 4.01, 26670872.00, 54.68
Maharashtra, 31-10-2017, M, 3.61, 26688647.00, 54.39
Maharashtra, 30-11-2017, M, 2.87, 27085396.00, 54.68
Maharashtra, 31-12-2017, M, 2.30, 26885202.00, 53.87
Maharashtra, 31-01-2018, M, 3.08, 26961311.00, 54.35
Maharashtra, 28-02-2018, M, 3.50, 26765446.00, 54.11
Maharashtra, 31-03-2018, M, 2.47, 26388024.00, 52.69
Maharashtra, 30-04-2018, M, 4.23, 26866134.00, 54.53
Maharashtra, 31-05-2018, M, 3.40, 25543215.00, 51.30
Maharashtra, 30-06-2018, M, 4.18, 25435207.00, 51.41
Maharashtra, 31-07-2018, M, 3.23, 24861163.00, 49.67
Maharashtra, 31-08-2018, M, 3.32, 24561056.00, 49.02
Maharashtra, 30-09-2018, M, 3.28, 26250561.00, 52.28
Maharashtra, 31-10-2018, M, 3.49, 25376699.00, 50.56
Maharashtra, 30-11-2018, M, 3.62, 25793662.00, 51.37
Maharashtra, 31-12-2018, M, 1.94, 25492138.00, 49.81
Maharashtra, 31-01-2019, M, 3.96, 26357273.00, 52.49
Maharashtra, 28-02-2019, M, 3.01, 25615962.00, 50.43
Maharashtra, 31-03-2019, M, 2.28, 25988958.00, 50.69
Maharashtra, 30-04-2019, M, 3.08, 25247404.00, 49.56
Maharashtra, 31-05-2019, M, 3.67, 23896869.00, 47.11
Maharashtra, 30-06-2019, M, 4.34, 23056509.00, 45.69
Maharashtra, 31-07-2019, M, 3.66, 24843734.00, 48.80
Maharashtra, 31-08-2019, M, 3.76, 26835377.00, 52.67
Maharashtra, 30-09-2019, M, 4.32, 24526973.00, 48.34
Maharashtra, 31-10-2019, M, 3.81, 24330242.00, 47.61
Maharashtra, 30-11-2019, M, 3.68, 24881375.00, 48.53
Maharashtra, 31-12-2019, M, 3.03, 26357639.00, 50.98
Maharashtra, 31-01-2020, M, 3.80, 25881398.00, 50.36
Maharashtra, 29-02-2020, M, 4.24, 25293535.00, 49.36
Maharashtra, 31-03-2020, M, 5.38, 23130976.00, 45.60
Maharashtra, 30-04-2020, M, 25.28, 15014802.00, 37.42
Maharashtra, 31-05-2020, M, 15.69, 18527244.00, 40.85
Maharashtra, 30-06-2020, M, 9.10, 23798442.00, 48.58
Maharashtra, 31-07-2020, M, 3.16, 24668199.00, 47.18
Maharashtra, 31-08-2020, M, 4.91, 24114467.00, 46.88
Maharashtra, 30-09-2020, M, 3.15, 25324035.00, 48.25
Maharashtra, 31-10-2020, M, 3.06, 26049047.00, 49.50
Maharashtra, 30-11-2020, M, 2.59, 24566063.00, 46.38
Maharashtra, 31-12-2020, M, 3.27, 25341826.00, 48.09
Maharashtra, 31-01-2021, M, 3.23, 25267672.00, 47.84
Maharashtra, 28-02-2021, M, 3.17, 26170980.00, 49.44
Maharashtra, 31-03-2021, M, 2.78, 27136050.00, 50.97
Maharashtra, 30-04-2021, M, 5.53, 23334618.00, 45.02
Maharashtra, 31-05-2021, M, 4.59, 24160166.00, 46.07
Maharashtra, 30-06-2021, M, 3.32, 25775109.00, 48.42
Maharashtra, 31-07-2021, M, 3.24, 26776142.00, 50.17
Meghalaya, 31-01-2018, M, 8.54, 924560.00, 60.17
Meghalaya, 28-02-2018, M, 7.06, 931330.00, 59.51
Meghalaya, 31-03-2018, M, 5.56, 819920.00, 51.43
Meghalaya, 30-04-2018, M, 2.18, 962046.00, 58.12
Meghalaya, 31-05-2018, M, 8.31, 934494.00, 60.08
Meghalaya, 30-06-2018, M, 6.09, 892934.00, 55.91
Meghalaya, 31-07-2018, M, 2.96, 919697.00, 55.59
Meghalaya, 31-08-2018, M, 3.62, 1019319.00, 61.88
Meghalaya, 30-09-2018, M, 3.33, 1042980.00, 62.98
Meghalaya, 31-10-2018, M, 4.22, 981834.00, 59.69
Meghalaya, 30-11-2018, M, 2.63, 1042413.00, 62.18
Meghalaya, 31-12-2018, M, 2.47, 1058629.00, 62.89
Meghalaya, 31-01-2019, M, 1.68, 1123774.00, 66.05
Meghalaya, 28-02-2019, M, 6.25, 1005006.00, 61.81
Meghalaya, 31-03-2019, M, 0.52, 1157078.00, 66.90
Meghalaya, 30-04-2019, M, 1.61, 1018984.00, 59.42
Meghalaya, 31-05-2019, M, 3.16, 1119011.00, 66.13
Meghalaya, 30-06-2019, M, 4.23, 1024797.00, 61.09
Meghalaya, 31-07-2019, M, 1.03, 1158510.00, 66.67
Meghalaya, 31-08-2019, M, 0.52, 1065725.00, 60.86
Meghalaya, 30-09-2019, M, 0.24, 1162159.00, 66.02
Meghalaya, 31-10-2019, M, 3.70, 1080609.00, 63.44
Meghalaya, 30-11-2019, M, 1.50, 1205703.00, 69.03
Meghalaya, 31-12-2019, M, 1.80, 1102998.00, 63.18
Meghalaya, 31-01-2020, M, 0.97, 1229406.00, 69.66
Meghalaya, 29-02-2020, M, 2.76, 1112864.00, 64.06
Meghalaya, 31-03-2020, M, 1.28, 1192616.00, 67.46
Meghalaya, 30-04-2020, M, 8.38, 803118.00, 48.83
Meghalaya, 31-05-2020, M, 3.73, 992148.00, 57.26
Meghalaya, 30-06-2020, M, 1.35, 1150200.00, 64.63
Meghalaya, 31-07-2020, M, 1.59, 1186601.00, 66.67
Meghalaya, 31-08-2020, M, 3.42, 1106727.00, 63.20
Meghalaya, 30-09-2020, M, 3.36, 1229521.00, 70.00
Meghalaya, 31-10-2020, M, 4.20, 1161068.00, 66.51
Meghalaya, 30-11-2020, M, 0.00, 1173252.00, 64.23
Meghalaya, 31-12-2020, M, 5.33, 1092520.00, 63.03
Meghalaya, 31-01-2021, M, 2.56, 1153015.00, 64.46
Meghalaya, 28-02-2021, M, 3.90, 1101692.00, 62.31
Meghalaya, 31-03-2021, M, 0.69, 1232540.00, 67.29
Meghalaya, 30-04-2021, M, 1.32, 1124420.00, 61.63
Meghalaya, 31-05-2021, M, 5.98, 1067531.00, 61.26
Meghalaya, 30-06-2021, M, 2.78, 1266903.00, 70.13
Meghalaya, 31-07-2021, M, 0.00, 1298307.00, 69.70
Odisha, 31-01-2016, M, 6.07, 12707301.00, 50.10
Odisha, 29-02-2016, M, 9.08, 11590176.00, 47.14
Odisha, 31-03-2016, M, 12.17, 12813099.00, 53.86
Odisha, 30-04-2016, M, 7.12, 11391327.00, 45.21
Odisha, 31-05-2016, M, 6.79, 12400315.00, 48.96
Odisha, 30-06-2016, M, 9.57, 11680161.00, 47.46
Odisha, 31-07-2016, M, 8.72, 12259361.00, 49.27
Odisha, 31-08-2016, M, 10.87, 11407526.00, 46.88
Odisha, 30-09-2016, M, 4.73, 11912913.00, 45.73
Odisha, 31-10-2016, M, 2.79, 11488244.00, 43.15
Odisha, 30-11-2016, M, 4.95, 12500208.00, 47.94
Odisha, 31-12-2016, M, 6.95, 11594937.00, 45.35
Odisha, 31-01-2017, M, 4.71, 11383914.00, 43.41
Odisha, 28-02-2017, M, 2.70, 11361991.00, 42.37
Odisha, 31-03-2017, M, 1.51, 12127526.00, 44.61
Odisha, 30-04-2017, M, 2.36, 11130131.00, 41.23
Odisha, 31-05-2017, M, 7.50, 10886250.00, 42.50
Odisha, 30-06-2017, M, 2.76, 12050444.00, 44.68
Odisha, 31-07-2017, M, 3.35, 11969622.00, 44.58
Odisha, 31-08-2017, M, 2.81, 11519705.00, 42.59
Odisha, 30-09-2017, M, 4.47, 11537023.00, 43.33
Odisha, 31-10-2017, M, 10.02, 11812610.00, 47.03
Odisha, 30-11-2017, M, 1.79, 12399082.00, 45.16
Odisha, 31-12-2017, M, 3.04, 11085675.00, 40.83
Odisha, 31-01-2018, M, 5.72, 11471431.00, 43.38
Odisha, 28-02-2018, M, 7.08, 11893474.00, 45.57
Odisha, 31-03-2018, M, 8.10, 11459020.00, 44.32
Odisha, 30-04-2018, M, 8.56, 11136878.00, 43.22
Odisha, 31-05-2018, M, 8.89, 10846870.00, 42.18
Odisha, 30-06-2018, M, 6.33, 11800153.00, 44.56
Odisha, 31-07-2018, M, 5.69, 11737293.00, 43.96
Odisha, 31-08-2018, M, 6.91, 11378245.00, 43.10
Odisha, 30-09-2018, M, 6.00, 11236920.00, 42.09
Odisha, 31-10-2018, M, 5.60, 10618467.00, 39.54
Odisha, 30-11-2018, M, 3.80, 11613547.00, 42.37
Odisha, 31-12-2018, M, 5.21, 11306160.00, 41.79
Odisha, 31-01-2019, M, 4.24, 11392908.00, 41.62
Odisha, 28-02-2019, M, 7.25, 10834270.00, 40.81
Odisha, 31-03-2019, M, 2.94, 12072450.00, 43.38
Odisha, 30-04-2019, M, 7.31, 11014614.00, 41.38
Odisha, 31-05-2019, M, 4.17, 11155753.00, 40.47
Odisha, 30-06-2019, M, 4.71, 10965157.00, 39.94
Odisha, 31-07-2019, M, 3.31, 12009880.00, 43.05
Odisha, 31-08-2019, M, 3.68, 11727659.00, 42.13
Odisha, 30-09-2019, M, 4.31, 11167721.00, 40.32
Odisha, 31-10-2019, M, 4.28, 11621527.00, 41.88
Odisha, 30-11-2019, M, 4.72, 12192618.00, 44.06
Odisha, 31-12-2019, M, 4.67, 11345071.00, 40.91
Odisha, 31-01-2020, M, 1.81, 11182128.00, 39.09
Odisha, 29-02-2020, M, 3.31, 11842655.00, 41.98
Odisha, 31-03-2020, M, 15.09, 9814156.00, 39.55
Odisha, 30-04-2020, M, 24.48, 5562449.00, 25.16
Odisha, 31-05-2020, M, 12.08, 9635402.00, 37.38
Odisha, 30-06-2020, M, 4.22, 10647586.00, 37.86
Odisha, 31-07-2020, M, 2.27, 11241273.00, 39.11
Odisha, 31-08-2020, M, 1.48, 11783094.00, 40.60
Odisha, 30-09-2020, M, 2.03, 11162313.00, 38.62
Odisha, 31-10-2020, M, 2.57, 11743089.00, 40.79
Odisha, 30-11-2020, M, 1.90, 11664483.00, 40.17
Odisha, 31-12-2020, M, 0.00, 12180483.00, 41.09
Odisha, 31-01-2021, M, 2.81, 11360784.00, 39.37
Odisha, 28-02-2021, M, 2.33, 11743139.00, 40.43
Odisha, 31-03-2021, M, 1.57, 11590428.00, 39.53
Odisha, 30-04-2021, M, 2.09, 12442733.00, 42.60
Odisha, 31-05-2021, M, 6.67, 10645430.00, 38.17
Odisha, 30-06-2021, M, 2.99, 11157458.00, 38.43
Odisha, 31-07-2021, M, 1.03, 12244563.00, 41.28
Puducherry, 31-01-2016, M, 3.59, 177259.00, 52.00
Puducherry, 29-02-2016, M, 6.19, 178672.00, 53.71
Puducherry, 31-03-2016, M, 7.77, 166074.00, 50.61
Puducherry, 30-04-2016, M, 3.05, 187758.00, 54.27
Puducherry, 31-05-2016, M, 3.09, 171680.00, 49.49
Puducherry, 30-06-2016, M, 3.68, 171119.00, 49.48
Puducherry, 31-07-2016, M, 6.29, 165938.00, 49.16
Puducherry, 31-08-2016, M, 3.33, 190530.00, 54.55
Puducherry, 30-09-2016, M, 2.22, 190426.00, 53.73
Puducherry, 31-10-2016, M, 2.71, 193504.00, 54.70
Puducherry, 30-11-2016, M, 2.73, 171748.00, 48.41
Puducherry, 31-12-2016, M, 2.38, 204375.00, 57.22
Puducherry, 31-01-2017, M, 0.64, 184111.00, 50.48
Puducherry, 28-02-2017, M, 1.00, 193273.00, 53.03
Puducherry, 31-03-2017, M, 2.22, 166357.00, 46.08
Puducherry, 30-04-2017, M, 6.58, 188517.00, 54.48
Puducherry, 31-05-2017, M, 1.33, 184539.00, 50.34
Puducherry, 30-06-2017, M, 0.58, 183143.00, 49.43
Puducherry, 31-07-2017, M, 3.76, 158472.00, 44.04
Puducherry, 31-08-2017, M, 5.92, 180721.00, 51.21
Puducherry, 30-09-2017, M, 4.52, 167215.00, 46.55
Puducherry, 31-10-2017, M, 1.67, 190327.00, 51.28
Puducherry, 30-11-2017, M, 3.08, 151435.00, 41.27
Puducherry, 31-12-2017, M, 4.55, 184865.00, 50.99
Puducherry, 31-01-2018, M, 2.35, 173751.00, 46.70
Puducherry, 28-02-2018, M, 0.00, 192899.00, 50.49
Puducherry, 31-03-2018, M, 1.98, 153012.00, 40.73
Puducherry, 30-04-2018, M, 1.68, 193066.00, 51.07
Puducherry, 31-05-2018, M, 2.07, 182566.00, 48.33
Puducherry, 30-06-2018, M, 0.00, 193444.00, 50.00
Puducherry, 31-07-2018, M, 1.63, 145394.00, 38.08
Puducherry, 31-08-2018, M, 0.00, 185940.00, 47.76
Puducherry, 30-09-2018, M, 3.29, 168359.00, 44.57
Puducherry, 31-10-2018, M, 0.56, 184553.00, 47.37
Puducherry, 30-11-2018, M, 0.00, 136936.00, 34.84
Puducherry, 31-12-2018, M, 0.00, 192099.00, 48.73
Puducherry, 31-01-2019, M, 0.59, 178714.00, 45.45
Puducherry, 28-02-2019, M, 0.00, 186524.00, 47.03
Puducherry, 31-03-2019, M, 0.90, 137636.00, 34.91
Puducherry, 30-04-2019, M, 0.00, 188857.00, 47.32
Puducherry, 31-05-2019, M, 0.00, 172474.00, 43.08
Puducherry, 30-06-2019, M, 0.00, 184527.00, 45.95
Puducherry, 31-07-2019, M, 0.00, 139227.00, 34.56
Puducherry, 31-08-2019, M, 4.85, 183930.00, 47.83
Puducherry, 30-09-2019, M, 0.00, 175718.00, 43.34
Puducherry, 31-10-2019, M, 1.18, 180283.00, 44.85
Puducherry, 30-11-2019, M, 0.00, 142787.00, 35.00
Puducherry, 31-12-2019, M, 1.99, 180808.00, 45.07
Puducherry, 31-01-2020, M, 0.58, 176252.00, 43.18
Puducherry, 29-02-2020, M, 1.74, 183619.00, 45.38
Puducherry, 31-03-2020, M, 2.31, 142176.00, 35.23
Puducherry, 30-04-2020, M, 74.51, 49420.00, 46.79
Puducherry, 31-08-2020, M, 3.28, 162881.00, 40.13
Puducherry, 30-09-2020, M, 9.49, 174562.00, 45.82
Puducherry, 31-10-2020, M, 7.84, 153847.00, 39.53
Puducherry, 30-11-2020, M, 2.48, 138449.00, 33.52
Puducherry, 31-12-2020, M, 0.00, 154397.00, 36.34
Puducherry, 31-01-2021, M, 8.75, 157955.00, 40.61
Puducherry, 28-02-2021, M, 7.86, 145889.00, 37.04
Puducherry, 31-03-2021, M, 1.64, 142554.00, 33.80
Puducherry, 30-04-2021, M, 1.71, 157047.00, 37.14
Puducherry, 31-05-2021, M, 12.62, 154737.00, 41.04
Puducherry, 30-06-2021, M, 54.35, 67838.00, 34.33
Puducherry, 31-07-2021, M, 14.29, 135630.00, 36.44
Punjab, 31-01-2016, M, 6.76, 6257149.00, 47.77
Punjab, 29-02-2016, M, 14.51, 5773692.00, 48.00
Punjab, 31-03-2016, M, 8.35, 6082818.00, 47.10
Punjab, 30-04-2016, M, 7.32, 5965498.00, 45.61
Punjab, 31-05-2016, M, 2.51, 6625693.00, 48.08
Punjab, 30-06-2016, M, 11.31, 6117606.00, 48.72
Punjab, 31-07-2016, M, 5.33, 6488786.00, 48.33
Punjab, 31-08-2016, M, 4.23, 6092044.00, 44.79
Punjab, 30-09-2016, M, 4.24, 6483605.00, 47.59
Punjab, 31-10-2016, M, 13.35, 5949833.00, 48.19
Punjab, 30-11-2016, M, 4.10, 6434328.00, 47.02
Punjab, 31-12-2016, M, 4.73, 5614916.00, 41.23
Punjab, 31-01-2017, M, 4.92, 6359578.00, 46.72
Punjab, 28-02-2017, M, 10.46, 5970886.00, 46.51
Punjab, 31-03-2017, M, 2.43, 6449637.00, 46.03
Punjab, 30-04-2017, M, 0.93, 6166319.00, 43.28
Punjab, 31-05-2017, M, 3.54, 6301845.00, 45.35
Punjab, 30-06-2017, M, 10.44, 5958598.00, 46.11
Punjab, 31-07-2017, M, 4.43, 6470095.00, 46.84
Punjab, 31-08-2017, M, 1.38, 6397791.00, 44.81
Punjab, 30-09-2017, M, 3.81, 6126786.00, 43.93
Punjab, 31-10-2017, M, 9.44, 5827014.00, 44.31
Punjab, 30-11-2017, M, 9.69, 6097637.00, 46.42
Punjab, 31-12-2017, M, 7.44, 6083373.00, 45.11
Punjab, 31-01-2018, M, 3.83, 6182947.00, 44.06
Punjab, 28-02-2018, M, 10.73, 5848093.00, 44.83
Punjab, 31-03-2018, M, 9.25, 6058225.00, 45.61
Punjab, 30-04-2018, M, 7.90, 6061412.00, 44.90
Punjab, 31-05-2018, M, 5.10, 6225561.00, 44.68
Punjab, 30-06-2018, M, 8.46, 5928394.00, 44.04
Punjab, 31-07-2018, M, 8.38, 6253101.00, 46.34
Punjab, 31-08-2018, M, 4.30, 6138698.00, 43.48
Punjab, 30-09-2018, M, 8.18, 6274125.00, 46.25
Punjab, 31-10-2018, M, 12.50, 5972439.00, 46.12
Punjab, 30-11-2018, M, 8.05, 6218175.00, 45.62
Punjab, 31-12-2018, M, 3.67, 6112368.00, 42.74
Punjab, 31-01-2019, M, 9.21, 6270684.00, 46.45
Punjab, 28-02-2019, M, 12.99, 5941942.00, 45.85
Punjab, 31-03-2019, M, 9.68, 6167869.00, 45.78
Punjab, 30-04-2019, M, 6.16, 6089734.00, 43.44
Punjab, 31-05-2019, M, 9.17, 6088548.00, 44.79
Punjab, 30-06-2019, M, 12.21, 6025235.00, 45.79
Punjab, 31-07-2019, M, 9.64, 6308129.00, 46.50
Punjab, 31-08-2019, M, 6.69, 6183428.00, 44.08
Punjab, 30-09-2019, M, 8.85, 6254260.00, 45.56
Punjab, 31-10-2019, M, 12.56, 6021921.00, 45.66
Punjab, 30-11-2019, M, 7.07, 6395022.00, 45.55
Punjab, 31-12-2019, M, 6.13, 6164219.00, 43.40
Punjab, 31-01-2020, M, 9.69, 6189471.00, 45.22
Punjab, 29-02-2020, M, 10.41, 6009820.00, 44.19
Punjab, 31-03-2020, M, 10.51, 6373692.00, 46.85
Punjab, 30-04-2020, M, 3.69, 4721590.00, 32.20
Punjab, 31-05-2020, M, 34.00, 4159402.00, 41.32
Punjab, 30-06-2020, M, 20.00, 5364047.00, 43.90
Punjab, 31-07-2020, M, 9.11, 6190307.00, 44.52
Punjab, 31-08-2020, M, 9.78, 5902580.00, 42.69
Punjab, 30-09-2020, M, 11.89, 5988263.00, 44.28
Punjab, 31-10-2020, M, 10.95, 5846217.00, 42.70
Punjab, 30-11-2020, M, 7.62, 6141206.00, 43.17
Punjab, 31-12-2020, M, 1.82, 5965598.00, 39.40
Punjab, 31-01-2021, M, 10.16, 5976946.00, 43.07
Punjab, 28-02-2021, M, 8.36, 5919742.00, 41.76
Punjab, 31-03-2021, M, 6.98, 6136356.00, 42.57
Punjab, 30-04-2021, M, 2.82, 6080502.00, 40.32
Punjab, 31-05-2021, M, 9.37, 5947791.00, 42.22
Punjab, 30-06-2021, M, 9.69, 5910017.00, 42.04
Punjab, 31-07-2021, M, 6.55, 6210240.00, 42.62
Rajasthan, 31-01-2016, M, 5.23, 14209938.00, 39.92
Rajasthan, 29-02-2016, M, 3.60, 14678178.00, 40.45
Rajasthan, 31-03-2016, M, 8.03, 13199688.00, 38.03
Rajasthan, 30-04-2016, M, 11.31, 13351063.00, 39.81
Rajasthan, 31-05-2016, M, 7.57, 13492549.00, 38.51
Rajasthan, 30-06-2016, M, 7.50, 14600380.00, 41.54
Rajasthan, 31-07-2016, M, 7.48, 12236929.00, 34.73
Rajasthan, 31-08-2016, M, 5.91, 14174744.00, 39.47
Rajasthan, 30-09-2016, M, 3.83, 14584093.00, 39.64
Rajasthan, 31-10-2016, M, 4.65, 14784248.00, 40.43
Rajasthan, 30-11-2016, M, 5.27, 12435186.00, 34.15
Rajasthan, 31-12-2016, M, 8.76, 13719846.00, 39.03
Rajasthan, 31-01-2017, M, 5.10, 13825735.00, 37.73
Rajasthan, 28-02-2017, M, 4.17, 15298148.00, 41.25
Rajasthan, 31-03-2017, M, 2.41, 15399084.00, 40.68
Rajasthan, 30-04-2017, M, 5.76, 14870442.00, 40.59
Rajasthan, 31-05-2017, M, 2.55, 13849569.00, 36.47
Rajasthan, 30-06-2017, M, 5.13, 15358818.00, 41.45
Rajasthan, 31-07-2017, M, 0.80, 13784519.00, 35.50
Rajasthan, 31-08-2017, M, 6.82, 13949398.00, 38.15
Rajasthan, 30-09-2017, M, 1.06, 15234360.00, 39.15
Rajasthan, 31-10-2017, M, 3.00, 14006433.00, 36.63
Rajasthan, 30-11-2017, M, 7.49, 15205714.00, 41.60
Rajasthan, 31-12-2017, M, 3.76, 14532296.00, 38.13
Rajasthan, 31-01-2018, M, 5.23, 14537018.00, 38.64
Rajasthan, 28-02-2018, M, 4.43, 13962211.00, 36.72
Rajasthan, 31-03-2018, M, 13.31, 14529426.00, 42.03
Rajasthan, 30-04-2018, M, 6.68, 14036756.00, 37.64
Rajasthan, 31-05-2018, M, 3.48, 14888304.00, 38.51
Rajasthan, 30-06-2018, M, 9.27, 14117414.00, 38.75
Rajasthan, 31-07-2018, M, 10.17, 14382481.00, 39.78
Rajasthan, 31-08-2018, M, 9.34, 14286761.00, 39.07
Rajasthan, 30-09-2018, M, 6.20, 14629445.00, 38.57
Rajasthan, 31-10-2018, M, 13.22, 14295458.00, 40.65
Rajasthan, 30-11-2018, M, 11.99, 14593183.00, 40.82
Rajasthan, 31-12-2018, M, 14.58, 14547388.00, 41.83
Rajasthan, 31-01-2019, M, 5.82, 14813168.00, 38.54
Rajasthan, 28-02-2019, M, 9.58, 15265319.00, 41.28
Rajasthan, 31-03-2019, M, 8.92, 14728164.00, 39.45
Rajasthan, 30-04-2019, M, 12.10, 15028831.00, 41.61
Rajasthan, 31-05-2019, M, 4.03, 15226003.00, 38.52
Rajasthan, 30-06-2019, M, 13.70, 14610567.00, 41.02
Rajasthan, 31-07-2019, M, 9.70, 14859873.00, 39.78
Rajasthan, 31-08-2019, M, 12.50, 15052044.00, 41.48
Rajasthan, 30-09-2019, M, 5.65, 15290705.00, 38.99
Rajasthan, 31-10-2019, M, 14.66, 15178549.00, 42.69
Rajasthan, 30-11-2019, M, 10.47, 15278556.00, 40.87
Rajasthan, 31-12-2019, M, 13.96, 15485313.00, 43.00
Rajasthan, 31-01-2020, M, 8.00, 15484353.00, 40.12
Rajasthan, 29-02-2020, M, 14.48, 15040572.00, 41.83
Rajasthan, 31-03-2020, M, 9.47, 15059769.00, 39.47
Rajasthan, 30-04-2020, M, 12.25, 13051219.00, 35.21
Rajasthan, 31-05-2020, M, 10.45, 15586833.00, 41.11
Rajasthan, 30-06-2020, M, 12.97, 15381854.00, 41.65
Rajasthan, 31-07-2020, M, 14.40, 14724453.00, 40.44
Rajasthan, 31-08-2020, M, 14.68, 15036627.00, 41.34
Rajasthan, 30-09-2020, M, 11.56, 15014467.00, 39.73
Rajasthan, 31-10-2020, M, 23.93, 14746937.00, 45.26
Rajasthan, 30-11-2020, M, 16.86, 15029219.00, 42.11
Rajasthan, 31-12-2020, M, 27.74, 14847311.00, 47.75
Rajasthan, 31-01-2021, M, 14.03, 15982179.00, 43.10
Rajasthan, 28-02-2021, M, 25.61, 14972793.00, 46.57
Rajasthan, 31-03-2021, M, 17.63, 15221859.00, 42.66
Rajasthan, 30-04-2021, M, 27.33, 14911908.00, 47.25
Rajasthan, 31-05-2021, M, 22.04, 14586302.00, 42.98
Rajasthan, 30-06-2021, M, 26.07, 15070877.00, 46.73
Rajasthan, 31-07-2021, M, 18.44, 15502887.00, 43.47
Sikkim, 31-10-2019, M, 5.48, 146688.00, 44.06
Sikkim, 30-11-2019, M, 13.11, 162426.00, 53.04
Sikkim, 31-12-2019, M, 1.00, 161647.00, 46.30
Sikkim, 30-04-2020, M, 0.00, 133399.00, 37.72
Sikkim, 30-06-2020, M, 5.81, 141313.00, 42.36
Sikkim, 31-08-2020, M, 12.68, 160503.00, 51.82
Sikkim, 31-10-2020, M, 1.37, 154044.00, 43.98
Sikkim, 30-06-2021, M, 0.00, 169640.00, 47.50
Tamil Nadu, 31-01-2016, M, 8.17, 17782398.00, 63.34
Tamil Nadu, 29-02-2016, M, 2.60, 18168328.00, 60.92
Tamil Nadu, 31-03-2016, M, 9.11, 17700247.00, 63.51
Tamil Nadu, 30-04-2016, M, 11.58, 17653242.00, 65.02
Tamil Nadu, 31-05-2016, M, 9.81, 18507825.00, 66.73
Tamil Nadu, 30-06-2016, M, 4.08, 17158603.00, 58.09
Tamil Nadu, 31-07-2016, M, 3.27, 17805142.00, 59.69
Tamil Nadu, 31-08-2016, M, 6.17, 18626660.00, 64.29
Tamil Nadu, 30-09-2016, M, 19.30, 17836139.00, 71.47
Tamil Nadu, 31-10-2016, M, 12.03, 17155077.00, 62.97
Tamil Nadu, 30-11-2016, M, 4.50, 17644912.00, 59.58
Tamil Nadu, 31-12-2016, M, 5.47, 18144210.00, 61.80
Tamil Nadu, 31-01-2017, M, 12.84, 18099581.00, 66.77
Tamil Nadu, 28-02-2017, M, 6.80, 17377130.00, 59.87
Tamil Nadu, 31-03-2017, M, 2.52, 17849223.00, 58.71
Tamil Nadu, 30-04-2017, M, 6.21, 17777485.00, 60.69
Tamil Nadu, 31-05-2017, M, 3.59, 18229170.00, 60.45
Tamil Nadu, 30-06-2017, M, 0.70, 17385311.00, 55.90
Tamil Nadu, 31-07-2017, M, 2.83, 17402243.00, 57.09
Tamil Nadu, 31-08-2017, M, 3.21, 16681303.00, 54.87
Tamil Nadu, 30-09-2017, M, 2.89, 18198296.00, 59.57
Tamil Nadu, 31-10-2017, M, 3.68, 17015138.00, 56.08
Tamil Nadu, 30-11-2017, M, 2.30, 17373818.00, 56.37
Tamil Nadu, 31-12-2017, M, 2.12, 17203829.00, 55.64
Tamil Nadu, 31-01-2018, M, 2.20, 17782265.00, 57.47
Tamil Nadu, 28-02-2018, M, 2.24, 16418900.00, 53.02
Tamil Nadu, 31-03-2018, M, 2.56, 16873055.00, 54.58
Tamil Nadu, 30-04-2018, M, 1.39, 17222000.00, 54.97
Tamil Nadu, 31-05-2018, M, 1.82, 17536067.00, 56.14
Tamil Nadu, 30-06-2018, M, 1.34, 16384171.00, 52.12
Tamil Nadu, 31-07-2018, M, 2.20, 16728240.00, 53.61
Tamil Nadu, 31-08-2018, M, 1.17, 16376394.00, 51.86
Tamil Nadu, 30-09-2018, M, 1.80, 16274296.00, 51.79
Tamil Nadu, 31-10-2018, M, 0.64, 16108818.00, 50.59
Tamil Nadu, 30-11-2018, M, 2.59, 16850621.00, 53.91
Tamil Nadu, 31-12-2018, M, 1.29, 15440928.00, 48.68
Tamil Nadu, 31-01-2019, M, 2.67, 15510576.00, 49.52
Tamil Nadu, 28-02-2019, M, 1.68, 15640955.00, 49.36
Tamil Nadu, 31-03-2019, M, 1.21, 16405972.00, 51.46
Tamil Nadu, 30-04-2019, M, 0.57, 15355003.00, 47.78
Tamil Nadu, 31-05-2019, M, 0.97, 15844690.00, 49.44
Tamil Nadu, 30-06-2019, M, 0.92, 16375303.00, 50.99
Tamil Nadu, 31-07-2019, M, 6.01, 16455940.00, 53.94
Tamil Nadu, 31-08-2019, M, 2.91, 16463934.00, 52.17
Tamil Nadu, 30-09-2019, M, 1.74, 15062612.00, 47.10
Tamil Nadu, 31-10-2019, M, 1.46, 15595650.00, 48.55
Tamil Nadu, 30-11-2019, M, 2.46, 16223432.00, 50.95
Tamil Nadu, 31-12-2019, M, 3.73, 15356936.00, 48.80
Tamil Nadu, 31-01-2020, M, 1.18, 14954646.00, 46.23
Tamil Nadu, 29-02-2020, M, 1.17, 15828488.00, 48.86
Tamil Nadu, 31-03-2020, M, 6.36, 15848590.00, 51.56
Tamil Nadu, 30-04-2020, M, 53.19, 5086200.00, 33.05
Tamil Nadu, 31-05-2020, M, 39.08, 5749335.00, 28.67
Tamil Nadu, 30-06-2020, M, 1.31, 11087685.00, 34.08
Tamil Nadu, 31-07-2020, M, 4.53, 14175868.00, 44.97
Tamil Nadu, 31-08-2020, M, 1.80, 14442862.00, 44.48
Tamil Nadu, 30-09-2020, M, 6.44, 12531831.00, 40.45
Tamil Nadu, 31-10-2020, M, 1.04, 13038797.00, 39.74
Tamil Nadu, 30-11-2020, M, 1.60, 14028335.00, 42.93
Tamil Nadu, 31-12-2020, M, 0.97, 13482287.00, 40.94
Tamil Nadu, 31-01-2021, M, 3.19, 12662498.00, 39.28
Tamil Nadu, 28-02-2021, M, 2.70, 13043798.00, 40.20
Tamil Nadu, 31-03-2021, M, 2.72, 14192854.00, 43.69
Tamil Nadu, 30-04-2021, M, 1.46, 13456380.00, 40.83
Tamil Nadu, 31-05-2021, M, 29.82, 7602435.00, 32.34
Tamil Nadu, 30-06-2021, M, 3.59, 10707331.00, 33.12
Tamil Nadu, 31-07-2021, M, 4.23, 14089239.00, 43.80
Telangana, 31-01-2016, M, 5.71, 12840058.00, 79.13
Telangana, 29-02-2016, M, 2.38, 11597906.00, 68.94
Telangana, 31-03-2016, M, 3.17, 10829463.00, 64.79
Telangana, 30-04-2016, M, 5.03, 11987505.00, 73.01
Telangana, 31-05-2016, M, 3.83, 11461146.00, 68.83
Telangana, 30-06-2016, M, 7.61, 8798470.00, 54.91
Telangana, 31-07-2016, M, 2.74, 9121167.00, 53.99
Telangana, 31-08-2016, M, 2.76, 11910609.00, 70.41
Telangana, 30-09-2016, M, 1.86, 10743204.00, 62.83
Telangana, 31-10-2016, M, 6.48, 10309634.00, 63.17
Telangana, 30-11-2016, M, 4.38, 11040798.00, 66.07
Telangana, 31-12-2016, M, 2.50, 12635254.00, 74.03
Telangana, 31-01-2017, M, 1.94, 9931079.00, 57.76
Telangana, 28-02-2017, M, 15.80, 9234905.00, 62.47
Telangana, 31-03-2017, M, 4.99, 12364421.00, 74.00
Telangana, 30-04-2017, M, 2.12, 11545305.00, 66.97
Telangana, 31-05-2017, M, 1.77, 9587156.00, 55.33
Telangana, 30-06-2017, M, 14.70, 9216543.00, 61.16
Telangana, 31-07-2017, M, 4.24, 9624337.00, 56.80
Telangana, 31-08-2017, M, 1.10, 11190443.00, 63.84
Telangana, 30-09-2017, M, 1.86, 9158081.00, 52.57
Telangana, 31-10-2017, M, 4.76, 8619970.00, 50.91
Telangana, 30-11-2017, M, 1.79, 11943007.00, 68.29
Telangana, 31-12-2017, M, 1.19, 12162503.00, 69.02
Telangana, 31-01-2018, M, 4.62, 9462240.00, 55.54
Telangana, 28-02-2018, M, 2.54, 9609707.00, 55.12
Telangana, 31-03-2018, M, 3.60, 10569654.00, 61.20
Telangana, 30-04-2018, M, 0.65, 9325887.00, 52.31
Telangana, 31-05-2018, M, 0.94, 9063618.00, 50.91
Telangana, 30-06-2018, M, 1.32, 9545297.00, 53.74
Telangana, 31-07-2018, M, 0.27, 11187838.00, 62.23
Telangana, 31-08-2018, M, 0.21, 10444826.00, 57.96
Telangana, 30-09-2018, M, 0.62, 10833856.00, 60.28
Telangana, 31-10-2018, M, 1.22, 8902682.00, 49.76
Telangana, 30-11-2018, M, 0.41, 11422038.00, 63.22
Telangana, 31-12-2018, M, 0.21, 9676854.00, 53.37
Telangana, 31-01-2019, M, 3.01, 10749055.00, 60.90
Telangana, 28-02-2019, M, 2.14, 9965875.00, 55.88
Telangana, 31-03-2019, M, 2.33, 11244921.00, 63.07
Telangana, 30-04-2019, M, 1.86, 9642129.00, 53.74
Telangana, 31-05-2019, M, 2.23, 11053352.00, 61.74
Telangana, 30-06-2019, M, 5.92, 10728821.00, 62.19
Telangana, 31-07-2019, M, 2.45, 11538688.00, 64.40
Telangana, 31-08-2019, M, 1.40, 10743961.00, 59.23
Telangana, 30-09-2019, M, 4.13, 11415308.00, 64.62
Telangana, 31-10-2019, M, 7.29, 11375348.00, 66.49
Telangana, 30-11-2019, M, 6.47, 11265831.00, 65.17
Telangana, 31-12-2019, M, 1.35, 11068057.00, 60.61
Telangana, 31-01-2020, M, 5.02, 12065915.00, 68.51
Telangana, 29-02-2020, M, 9.02, 11304474.00, 66.92
Telangana, 31-03-2020, M, 5.63, 12028377.00, 68.53
Telangana, 30-04-2020, M, 4.51, 8793799.00, 49.44
Telangana, 31-05-2020, M, 11.64, 10648640.00, 64.60
Telangana, 30-06-2020, M, 12.03, 10514681.00, 63.97
Telangana, 31-07-2020, M, 6.67, 10693699.00, 61.22
Telangana, 31-08-2020, M, 7.02, 13608389.00, 78.08
Telangana, 30-09-2020, M, 4.11, 11469409.00, 63.72
Telangana, 31-10-2020, M, 2.53, 12262259.00, 66.91
Telangana, 30-11-2020, M, 1.65, 11928707.00, 64.41
Telangana, 31-12-2020, M, 6.37, 8556804.00, 48.46
Telangana, 31-01-2021, M, 4.82, 11220791.00, 62.41
Telangana, 28-02-2021, M, 5.85, 11047273.00, 62.03
Telangana, 31-03-2021, M, 3.86, 11180051.00, 61.37
Telangana, 30-04-2021, M, 4.00, 9247569.00, 50.76
Telangana, 31-05-2021, M, 8.75, 11659672.00, 67.23
Telangana, 30-06-2021, M, 4.39, 10171204.00, 55.88
Telangana, 31-07-2021, M, 4.03, 11149816.00, 60.94
Tripura, 30-09-2017, M, 20.00, 859255.00, 49.65
Tripura, 31-10-2017, M, 8.57, 1066870.00, 53.85
Tripura, 31-01-2018, M, 33.33, 963790.00, 66.38
Tripura, 28-02-2018, M, 31.63, 1021898.00, 68.53
Tripura, 31-03-2018, M, 15.29, 936297.00, 50.60
Tripura, 30-04-2018, M, 13.26, 1004529.00, 52.92
Tripura, 31-05-2018, M, 22.92, 1036401.00, 61.34
Tripura, 30-06-2018, M, 20.00, 1076286.00, 61.28
Tripura, 31-07-2018, M, 17.49, 951442.00, 52.44
Tripura, 31-08-2018, M, 23.88, 1043379.00, 62.23
Tripura, 30-09-2018, M, 39.19, 967018.00, 72.08
Tripura, 31-10-2018, M, 33.09, 1086837.00, 73.50
Tripura, 30-11-2018, M, 33.33, 1012609.00, 68.62
Tripura, 31-12-2018, M, 23.11, 1066060.00, 62.54
Tripura, 31-01-2019, M, 33.06, 996372.00, 67.03
Tripura, 28-02-2019, M, 25.70, 1137114.00, 68.81
Tripura, 31-03-2019, M, 22.95, 1026566.00, 59.80
Tripura, 30-04-2019, M, 22.22, 1077253.00, 62.07
Tripura, 31-05-2019, M, 29.25, 1019549.00, 64.47
Tripura, 30-06-2019, M, 26.64, 1107013.00, 67.40
Tripura, 31-07-2019, M, 22.47, 1052598.00, 60.54
Tripura, 31-08-2019, M, 25.49, 975501.00, 58.29
Tripura, 30-09-2019, M, 30.23, 1034408.00, 65.90
Tripura, 31-10-2019, M, 27.54, 1113764.00, 68.21
Tripura, 30-11-2019, M, 25.25, 1084633.00, 64.29
Tripura, 31-12-2019, M, 26.53, 1046878.00, 63.02
Tripura, 31-01-2020, M, 31.91, 1057975.00, 68.61
Tripura, 29-02-2020, M, 26.22, 1169347.00, 69.88
Tripura, 31-03-2020, M, 31.61, 1060946.00, 68.28
Tripura, 30-04-2020, M, 43.64, 675083.00, 52.63
Tripura, 31-05-2020, M, 20.88, 891967.00, 49.46
Tripura, 30-06-2020, M, 18.95, 1110234.00, 60.00
Tripura, 31-07-2020, M, 15.79, 988947.00, 51.35
Tripura, 31-08-2020, M, 27.44, 970103.00, 58.36
Tripura, 30-09-2020, M, 19.31, 948583.00, 51.24
Tripura, 31-10-2020, M, 12.44, 1175851.00, 58.43
Tripura, 30-11-2020, M, 13.16, 1037059.00, 51.88
Tripura, 31-12-2020, M, 16.42, 993262.00, 51.54
Tripura, 31-01-2021, M, 20.27, 976830.00, 53.05
Tripura, 28-02-2021, M, 11.82, 1214206.00, 59.53
Tripura, 31-03-2021, M, 13.79, 1064773.00, 53.31
Tripura, 30-04-2021, M, 15.13, 1032300.00, 52.41
Tripura, 31-05-2021, M, 21.93, 936126.00, 51.58
Tripura, 30-06-2021, M, 9.47, 1224662.00, 58.10
Tripura, 31-07-2021, M, 13.21, 1153540.00, 56.99
Uttar Pradesh, 31-01-2016, M, 13.76, 42479419.00, 44.49
Uttar Pradesh, 29-02-2016, M, 13.33, 41941441.00, 43.62
Uttar Pradesh, 31-03-2016, M, 12.16, 43489501.00, 44.53
Uttar Pradesh, 30-04-2016, M, 13.15, 42730696.00, 44.15
Uttar Pradesh, 31-05-2016, M, 15.30, 44347442.00, 46.89
Uttar Pradesh, 30-06-2016, M, 18.02, 42975514.00, 46.84
Uttar Pradesh, 31-07-2016, M, 11.83, 43137820.00, 43.63
Uttar Pradesh, 31-08-2016, M, 16.90, 43095763.00, 46.14
Uttar Pradesh, 30-09-2016, M, 8.89, 46847283.00, 45.65
Uttar Pradesh, 31-10-2016, M, 8.09, 44804448.00, 43.18
Uttar Pradesh, 30-11-2016, M, 5.13, 42225753.00, 39.34
Uttar Pradesh, 31-12-2016, M, 7.23, 42130453.00, 40.05
Uttar Pradesh, 31-01-2017, M, 2.94, 43723080.00, 39.64
Uttar Pradesh, 28-02-2017, M, 2.16, 42679666.00, 38.31
Uttar Pradesh, 31-03-2017, M, 1.19, 41651327.00, 36.94
Uttar Pradesh, 30-04-2017, M, 5.51, 42101198.00, 38.96
Uttar Pradesh, 31-05-2017, M, 2.15, 42996069.00, 38.34
Uttar Pradesh, 30-06-2017, M, 1.60, 44172996.00, 39.08
Uttar Pradesh, 31-07-2017, M, 1.26, 42857326.00, 37.71
Uttar Pradesh, 31-08-2017, M, 7.13, 42875942.00, 40.02
Uttar Pradesh, 30-09-2017, M, 2.61, 43205468.00, 38.37
Uttar Pradesh, 31-10-2017, M, 2.46, 44011138.00, 38.94
Uttar Pradesh, 30-11-2017, M, 1.46, 42504146.00, 37.15
Uttar Pradesh, 31-12-2017, M, 5.53, 41991466.00, 38.20
Uttar Pradesh, 31-01-2018, M, 3.15, 43350408.00, 38.38
Uttar Pradesh, 28-02-2018, M, 2.81, 44031310.00, 38.77
Uttar Pradesh, 31-03-2018, M, 2.18, 43365448.00, 37.85
Uttar Pradesh, 30-04-2018, M, 5.73, 43192494.00, 39.04
Uttar Pradesh, 31-05-2018, M, 4.74, 43486815.00, 38.81
Uttar Pradesh, 30-06-2018, M, 3.05, 44046996.00, 38.54
Uttar Pradesh, 31-07-2018, M, 2.94, 43208316.00, 37.68
Uttar Pradesh, 31-08-2018, M, 8.76, 42706441.00, 39.53
Uttar Pradesh, 30-09-2018, M, 7.30, 43174661.00, 39.25
Uttar Pradesh, 31-10-2018, M, 5.05, 42913894.00, 38.01
Uttar Pradesh, 30-11-2018, M, 5.37, 42743911.00, 37.90
Uttar Pradesh, 31-12-2018, M, 10.75, 42924264.00, 40.27
Uttar Pradesh, 31-01-2019, M, 8.14, 42956774.00, 39.07
Uttar Pradesh, 28-02-2019, M, 8.72, 41959261.00, 38.32
Uttar Pradesh, 31-03-2019, M, 7.75, 43342692.00, 39.08
Uttar Pradesh, 30-04-2019, M, 10.87, 44306803.00, 41.26
Uttar Pradesh, 31-05-2019, M, 10.26, 43287812.00, 39.96
Uttar Pradesh, 30-06-2019, M, 11.13, 42276551.00, 39.32
Uttar Pradesh, 31-07-2019, M, 9.19, 42697003.00, 38.78
Uttar Pradesh, 31-08-2019, M, 11.47, 43298748.00, 40.24
Uttar Pradesh, 30-09-2019, M, 6.37, 44310100.00, 38.86
Uttar Pradesh, 31-10-2019, M, 10.18, 42833280.00, 39.07
Uttar Pradesh, 30-11-2019, M, 6.94, 43261536.00, 38.01
Uttar Pradesh, 31-12-2019, M, 8.43, 44640064.00, 39.77
Uttar Pradesh, 31-01-2020, M, 6.06, 45777509.00, 39.67
Uttar Pradesh, 29-02-2020, M, 8.12, 44257432.00, 39.13
Uttar Pradesh, 31-03-2020, M, 9.37, 43086706.00, 38.53
Uttar Pradesh, 30-04-2020, M, 19.92, 39970677.00, 40.37
Uttar Pradesh, 31-05-2020, M, 16.86, 38547596.00, 37.42
Uttar Pradesh, 30-06-2020, M, 8.51, 41908909.00, 36.89
Uttar Pradesh, 31-07-2020, M, 4.39, 43316726.00, 36.40
Uttar Pradesh, 31-08-2020, M, 5.69, 42985424.00, 36.54
Uttar Pradesh, 30-09-2020, M, 3.26, 42993059.00, 35.55
Uttar Pradesh, 31-10-2020, M, 3.22, 43075281.00, 35.53
Uttar Pradesh, 30-11-2020, M, 4.71, 43482416.00, 36.35
Uttar Pradesh, 31-12-2020, M, 15.29, 42975344.00, 40.32
Uttar Pradesh, 31-01-2021, M, 4.22, 42085759.00, 34.84
Uttar Pradesh, 28-02-2021, M, 3.65, 43524091.00, 35.75
Uttar Pradesh, 31-03-2021, M, 3.68, 42817381.00, 35.11
Uttar Pradesh, 30-04-2021, M, 5.03, 43919364.00, 36.44
Uttar Pradesh, 31-05-2021, M, 6.04, 42772497.00, 35.79
Uttar Pradesh, 30-06-2021, M, 3.77, 42925293.00, 35.00
Uttar Pradesh, 31-07-2021, M, 4.90, 42092151.00, 34.65
Uttarakhand, 31-01-2016, M, 0.00, 3489729.00, 65.86
Uttarakhand, 29-02-2016, M, 4.76, 2460661.00, 48.68
Uttarakhand, 31-03-2016, M, 1.30, 1879939.00, 35.81
Uttarakhand, 30-04-2016, M, 0.00, 3124021.00, 58.63
Uttarakhand, 31-05-2016, M, 0.00, 3866562.00, 72.43
Uttarakhand, 30-06-2016, M, 2.32, 2357432.00, 45.12
Uttarakhand, 31-07-2016, M, 0.00, 2088677.00, 38.98
Uttarakhand, 31-08-2016, M, 0.00, 2573999.00, 47.94
Uttarakhand, 30-09-2016, M, 0.00, 2464390.00, 45.81
Uttarakhand, 31-10-2016, M, 4.82, 2206720.00, 43.02
Uttarakhand, 30-11-2016, M, 0.00, 1799930.00, 33.33
Uttarakhand, 31-12-2016, M, 0.00, 2462880.00, 45.52
Uttarakhand, 31-01-2017, M, 0.00, 2900105.00, 53.50
Uttarakhand, 28-02-2017, M, 3.43, 2227459.00, 42.48
Uttarakhand, 31-03-2017, M, 0.00, 2055971.00, 37.79
Uttarakhand, 30-04-2017, M, 0.00, 2278360.00, 41.80
Uttarakhand, 31-05-2017, M, 0.00, 2470733.00, 45.24
Uttarakhand, 30-06-2017, M, 2.17, 2046275.00, 38.23
Uttarakhand, 31-07-2017, M, 0.00, 2017383.00, 36.80
Uttarakhand, 31-08-2017, M, 0.00, 2315762.00, 42.16
Uttarakhand, 30-09-2017, M, 0.00, 2325614.00, 42.26
Uttarakhand, 31-10-2017, M, 1.46, 1985529.00, 36.54
Uttarakhand, 30-11-2017, M, 3.73, 2036233.00, 38.29
Uttarakhand, 31-12-2017, M, 1.14, 1937959.00, 35.41
Uttarakhand, 31-01-2018, M, 0.56, 2062357.00, 37.39
Uttarakhand, 28-02-2018, M, 1.02, 2025083.00, 36.82
Uttarakhand, 31-03-2018, M, 3.00, 2092959.00, 38.76
Uttarakhand, 30-04-2018, M, 0.46, 1918046.00, 34.55
Uttarakhand, 31-05-2018, M, 1.02, 2142532.00, 38.74
Uttarakhand, 30-06-2018, M, 1.05, 1963765.00, 35.45
Uttarakhand, 31-07-2018, M, 3.03, 2045727.00, 37.61
Uttarakhand, 31-08-2018, M, 0.46, 1930445.00, 34.50
Uttarakhand, 30-09-2018, M, 1.55, 2109007.00, 38.04
Uttarakhand, 31-10-2018, M, 4.66, 1940566.00, 36.07
Uttarakhand, 30-11-2018, M, 4.58, 2030567.00, 37.64
Uttarakhand, 31-12-2018, M, 4.82, 1958292.00, 36.32
Uttarakhand, 31-01-2019, M, 1.71, 2164406.00, 38.80
Uttarakhand, 28-02-2019, M, 5.29, 1958058.00, 36.36
Uttarakhand, 31-03-2019, M, 5.04, 1968509.00, 36.39
Uttarakhand, 30-04-2019, M, 6.11, 1902434.00, 35.50
Uttarakhand, 31-05-2019, M, 1.63, 2108044.00, 37.47
Uttarakhand, 30-06-2019, M, 4.65, 2021553.00, 37.01
Uttarakhand, 31-07-2019, M, 5.74, 2000524.00, 36.97
Uttarakhand, 31-08-2019, M, 6.11, 1911380.00, 35.39
Uttarakhand, 30-09-2019, M, 3.47, 2157845.00, 38.79
Uttarakhand, 31-10-2019, M, 4.83, 2027663.00, 36.90
Uttarakhand, 30-11-2019, M, 5.56, 2007113.00, 36.73
Uttarakhand, 31-12-2019, M, 4.52, 1947566.00, 35.19
Uttarakhand, 31-01-2020, M, 4.17, 1986386.00, 35.69
Uttarakhand, 29-02-2020, M, 4.85, 2057523.00, 37.16
Uttarakhand, 30-04-2020, M, 3.66, 1972074.00, 35.04
Uttarakhand, 31-05-2020, M, 3.57, 1915482.00, 33.94
Uttarakhand, 30-06-2020, M, 10.71, 1675441.00, 32.00
Uttarakhand, 31-08-2020, M, 11.54, 1907133.00, 36.62
Uttarakhand, 31-10-2020, M, 10.10, 1783067.00, 33.56
Uttarakhand, 31-12-2020, M, 5.56, 1811937.00, 32.34
Uttarakhand, 31-01-2021, M, 2.59, 1786648.00, 30.85
Uttarakhand, 28-02-2021, M, 4.17, 1806312.00, 31.65
Uttarakhand, 31-03-2021, M, 2.27, 1666221.00, 28.57
Uttarakhand, 30-04-2021, M, 5.95, 2031872.00, 36.13
Uttarakhand, 31-05-2021, M, 3.95, 1669166.00, 29.01
Uttarakhand, 30-06-2021, M, 4.82, 1852243.00, 32.42
Uttarakhand, 31-07-2021, M, 2.13, 1686888.00, 28.66
West Bengal, 31-01-2016, M, 8.30, 22075472.00, 48.57
West Bengal, 29-02-2016, M, 4.66, 21471002.00, 45.35
West Bengal, 31-03-2016, M, 8.40, 21405797.00, 46.96
West Bengal, 30-04-2016, M, 7.64, 21089931.00, 45.80
West Bengal, 31-05-2016, M, 5.64, 22359938.00, 47.42
West Bengal, 30-06-2016, M, 5.72, 20823298.00, 44.12
West Bengal, 31-07-2016, M, 8.17, 21126808.00, 45.86
West Bengal, 31-08-2016, M, 6.41, 22080987.00, 46.93
West Bengal, 30-09-2016, M, 7.74, 23690379.00, 50.97
West Bengal, 31-10-2016, M, 4.07, 22053746.00, 45.54
West Bengal, 30-11-2016, M, 7.92, 21312030.00, 45.76
West Bengal, 31-12-2016, M, 5.48, 22049104.00, 46.02
West Bengal, 31-01-2017, M, 5.75, 22887232.00, 47.81
West Bengal, 28-02-2017, M, 4.18, 22306933.00, 45.75
West Bengal, 31-03-2017, M, 6.90, 21696106.00, 45.70
West Bengal, 30-04-2017, M, 4.75, 22540227.00, 46.31
West Bengal, 31-05-2017, M, 4.67, 23554388.00, 48.26
West Bengal, 30-06-2017, M, 4.14, 23015128.00, 46.80
West Bengal, 31-07-2017, M, 6.71, 21847440.00, 45.55
West Bengal, 31-08-2017, M, 4.55, 22455769.00, 45.67
West Bengal, 30-09-2017, M, 6.24, 22305161.00, 46.08
West Bengal, 31-10-2017, M, 5.08, 23412291.00, 47.68
West Bengal, 30-11-2017, M, 5.95, 22561441.00, 46.28
West Bengal, 31-12-2017, M, 4.48, 23349724.00, 47.06
West Bengal, 31-01-2018, M, 7.87, 22219046.00, 46.33
West Bengal, 28-02-2018, M, 8.79, 23869814.00, 50.19
West Bengal, 31-03-2018, M, 8.72, 22389479.00, 46.94
West Bengal, 30-04-2018, M, 5.63, 22899228.00, 46.34
West Bengal, 31-05-2018, M, 7.33, 22622121.00, 46.52
West Bengal, 30-06-2018, M, 7.56, 24109126.00, 49.60
West Bengal, 31-07-2018, M, 6.21, 23719522.00, 48.00
West Bengal, 31-08-2018, M, 4.80, 23036472.00, 45.83
West Bengal, 30-09-2018, M, 6.37, 22959228.00, 46.35
West Bengal, 31-10-2018, M, 6.27, 24343879.00, 48.99
West Bengal, 30-11-2018, M, 5.73, 24083524.00, 48.09
West Bengal, 31-12-2018, M, 5.38, 23436809.00, 46.53
West Bengal, 31-01-2019, M, 6.70, 23418234.00, 47.06
West Bengal, 28-02-2019, M, 5.99, 24664811.00, 49.09
West Bengal, 31-03-2019, M, 5.54, 25033573.00, 49.49
West Bengal, 30-04-2019, M, 6.51, 24167841.00, 48.18
West Bengal, 31-05-2019, M, 6.02, 23452891.00, 46.41
West Bengal, 30-06-2019, M, 5.85, 25543479.00, 50.36
West Bengal, 31-07-2019, M, 5.62, 24857801.00, 48.78
West Bengal, 31-08-2019, M, 5.58, 24924839.00, 48.79
West Bengal, 30-09-2019, M, 5.81, 24623902.00, 48.22
West Bengal, 31-10-2019, M, 6.78, 24353011.00, 48.09
West Bengal, 30-11-2019, M, 5.83, 25630349.00, 50.00
West Bengal, 31-12-2019, M, 5.79, 24906236.00, 48.47
West Bengal, 31-01-2020, M, 6.79, 24612171.00, 48.30
West Bengal, 29-02-2020, M, 3.78, 26093009.00, 49.51
West Bengal, 31-03-2020, M, 7.02, 25097812.00, 49.18
West Bengal, 30-04-2020, M, 18.32, 17639370.00, 39.27
West Bengal, 31-05-2020, M, 18.43, 19115772.00, 42.53
West Bengal, 30-06-2020, M, 5.96, 21532156.00, 41.47
West Bengal, 31-07-2020, M, 4.40, 25839438.00, 48.85
West Bengal, 31-08-2020, M, 13.13, 23276167.00, 48.32
West Bengal, 30-09-2020, M, 8.00, 25355088.00, 49.60
West Bengal, 31-10-2020, M, 10.48, 23913470.00, 47.98
West Bengal, 30-11-2020, M, 12.38, 23159145.00, 47.38
West Bengal, 31-12-2020, M, 5.52, 25277052.00, 47.85
West Bengal, 31-01-2021, M, 4.83, 25877979.00, 48.54
West Bengal, 28-02-2021, M, 6.35, 26281435.00, 50.00
West Bengal, 31-03-2021, M, 7.68, 25044372.00, 48.23
West Bengal, 30-04-2021, M, 7.49, 23876542.00, 45.80
West Bengal, 31-05-2021, M, 21.81, 18987650.00, 43.00
West Bengal, 30-06-2021, M, 25.56, 19779606.00, 46.95
West Bengal, 31-07-2021, M, 6.59, 24573809.00, 46.39
India, 31-01-2016, M, 7.92, 281897063.00, 49.01
India, 29-02-2016, M, 7.55, 275622533.00, 47.65
India, 31-03-2016, M, 7.36, 271078231.00, 46.68
India, 30-04-2016, M, 7.79, 276797350.00, 47.80
India, 31-05-2016, M, 8.52, 287522023.00, 49.95
India, 30-06-2016, M, 8.26, 273594738.00, 47.30
India, 31-07-2016, M, 7.22, 271567821.00, 46.34
India, 31-08-2016, M, 8.85, 278415037.00, 48.26
India, 30-09-2016, M, 7.82, 288344900.00, 49.34
India, 31-10-2016, M, 6.29, 282437066.00, 47.44
India, 30-11-2016, M, 5.96, 271624996.00, 45.38
India, 31-12-2016, M, 5.82, 277520085.00, 46.21
India, 31-01-2017, M, 5.11, 281110838.00, 46.37
India, 28-02-2017, M, 4.35, 276714541.00, 45.20
India, 31-03-2017, M, 4.14, 275986233.00, 44.90
India, 30-04-2017, M, 3.72, 275638861.00, 44.56
India, 31-05-2017, M, 3.65, 278531408.00, 44.91
India, 30-06-2017, M, 3.78, 278851268.00, 44.94
India, 31-07-2017, M, 3.01, 274118126.00, 43.74
India, 31-08-2017, M, 3.59, 276842713.00, 44.36
India, 30-09-2017, M, 4.13, 278105422.00, 44.73
India, 31-10-2017, M, 4.52, 275515215.00, 44.41
India, 30-11-2017, M, 4.39, 279695645.00, 44.94
India, 31-12-2017, M, 4.46, 278093653.00, 44.62
India, 31-01-2018, M, 4.43, 277440299.00, 44.42
India, 28-02-2018, M, 5.53, 275326775.00, 44.52
India, 31-03-2018, M, 5.95, 274507610.00, 44.50
India, 30-04-2018, M, 5.29, 274398367.00, 44.09
India, 31-05-2018, M, 4.65, 274810539.00, 43.78
India, 30-06-2018, M, 5.32, 272352767.00, 43.61
India, 31-07-2018, M, 5.42, 272440047.00, 43.59
India, 31-08-2018, M, 6.06, 270256510.00, 43.45
India, 30-09-2018, M, 6.05, 275902531.00, 44.27
India, 31-10-2018, M, 6.69, 267186040.00, 43.08
India, 30-11-2018, M, 6.32, 273676206.00, 43.87
India, 31-12-2018, M, 6.80, 269401503.00, 43.32
India, 31-01-2019, M, 6.05, 277734721.00, 44.22
India, 28-02-2019, M, 6.97, 271009007.00, 43.50
India, 31-03-2019, M, 6.15, 275745758.00, 43.79
India, 30-04-2019, M, 7.25, 272402863.00, 43.69
India, 31-05-2019, M, 6.30, 276818225.00, 43.87
India, 30-06-2019, M, 7.69, 271966809.00, 43.66
India, 31-07-2019, M, 6.90, 276253235.00, 43.89
India, 31-08-2019, M, 7.48, 276404335.00, 44.11
India, 30-09-2019, M, 5.99, 279885439.00, 43.87
India, 31-10-2019, M, 8.02, 275372602.00, 44.03
India, 30-11-2019, M, 6.45, 275871903.00, 43.29
India, 31-12-2019, M, 6.93, 277592371.00, 43.70
India, 31-01-2020, M, 6.06, 283513935.00, 44.14
India, 29-02-2020, M, 7.34, 277210355.00, 43.67
India, 31-03-2020, M, 8.44, 270337539.00, 43.02
India, 30-04-2020, M, 22.89, 197005721.00, 37.15
India, 31-05-2020, M, 21.11, 218999630.00, 40.29
India, 30-06-2020, M, 9.49, 260550873.00, 41.70
India, 31-07-2020, M, 6.51, 272243964.00, 42.11
India, 31-08-2020, M, 7.65, 268720798.00, 41.99
India, 30-09-2020, M, 5.88, 276133697.00, 42.26
India, 31-10-2020, M, 6.95, 273145734.00, 42.20
India, 30-11-2020, M, 6.24, 271616741.00, 41.57
India, 31-12-2020, M, 9.15, 266423907.00, 42.00
India, 31-01-2021, M, 5.81, 277579782.00, 42.13
India, 28-02-2021, M, 6.85, 274511536.00, 42.05
India, 31-03-2021, M, 6.15, 275432124.00, 41.80
India, 30-04-2021, M, 7.13, 268639127.00, 41.12
India, 31-05-2021, M, 10.63, 262848047.00, 41.73
India, 30-06-2021, M, 8.75, 263184191.00, 40.85
India, 31-07-2021, M, 6.34, 275637301.00, 41.60
